abstract,analysis_plan_docs,attrition_correlated,content_hash,countries,data_collection_complete,data_collection_completion_date,doi,end_date,experimental_design,experimental_design_details,external_links,first_registered_on,has_analysis_plan,has_irb,intervention,intervention_completion_date,intervention_end,intervention_start,irb,jel,keywords,last_update_date,mde_text,mde_value,n_arms,n_clusters_actual,n_clusters_planned,n_countries,n_obs_actual,n_obs_planned,n_pis,partners,pi_key,pi_keys,pi_name,pis,post_trial_documents,primary_outcome_explanation,primary_outcomes,program_files,program_files_url,prospective,public_data,public_data_url,published_at,randomization_method,randomization_unit,rct_id,registration_year,relevant_papers,secondary_ids,secondary_outcome_explanation,secondary_outcomes,sponsors,start_date,status,status_raw,title,treatment_arms,trial_number,url
"The chapter combines novel survey, audit, and experimental data to illustrate how voter pessimism can undermine electoral accountability. It reconciles mixed findings in the literature by highlighting two conditions under which anti-corruption information campaigns are likely to improve electoral accountability: (1) voters have sufficient information about politician performance and (2) voters are not too pessimistic about the quality of the political class. The treatment provided factual information from audits of incumbent performance on Constituency Development Fund spending. Before treatment, public opinion data from Afrobarometer and Ipsos Synovate indicate that Kenyan voters believe that almost all politicians are corrupt. The treatment has no impact on voter beliefs about their own incumbent, but improves perceptions of the political class for voters who find out that their incumbent is clean. The findings suggest that although voter judgments about incumbent performance tend to be fixed, voter pessimism towards the political class does update with factual information.","November 08, 2013; February 18, 2014",,d363ea7c4f4b3e0c586b6a0b68d7a439edd3ba4d,"[""Kenya (National)""]",,,10.1257/rct.5-8.0,2014-05-31,"Treatment was randomly assigned at the individual level, in a nationwide sample.",,[],2013-05-21,True,True,The intervention was embedded within a series of factual SMS messages. Information on how much money was allocated to the Constituency Development Fund (CDF) and how much money actually reached projects was provided to constituents. The intervention used audit data from the National Taxpayer's Association Citizen Report Cards.,,2013-03-07,2013-03-02,Name: Stanford IRB Approval_number: 26335 Approval_date: 2012-12-21,[],"[""[\""electoral\"""", ""\""public goods\"""", ""\""corruption\"""", ""\""audits\"""", ""\""voting\"""", ""\""accountability\"""", ""\""information\""]""]",2017-05-02,"MDE=5% change in perceived leakage, sd=28.8667, power=0.80, alpha=0.05",0.05,,,,1,,2500.0,1,[],kelly zhang kwzhang mit edu,"[""kelly zhang kwzhang mit edu""]",Kelly Zhang kwzhang@mit.edu,"[""Kelly Zhang kwzhang@mit.edu""]",,See pre-analysis plan.,"Information uptake, political support, beliefs about incumbent quality",,,False,,,2017-05-02,Randomization done using Stata.,Individual,AEARCTR-0000005,2013,,,,,[],2013-01-26,completed,completed,Voter Pessimism and Electoral Accountability: Experimental Evidence from Kenya,,5,http://www.socialscienceregistry.org/trials/5
"The objective of this cluster randomized controlled trial is to assess the impact of several community-based interventions that address the key factors underlying the high maternal mortality, as well as neonatal mortality and morbidity in northern Nigeria. The interventions, include: 1. a Voluntary Health Worker Program (VHW) 2. the VHW program with provision of a safe birth kit 3. the VHW program with community folk media activities.",Private,false,cad1dc142750999c5102a6e8b334b93e1697a44b,"[""Nigeria (Africa)""]",True,2016-10-31,10.1257/rct.6-3.0,2016-10-31,"The study is a clustered randomized controlled field trial and is taking place in 24 Local Government Areas (LGAs) in Jigawa State Nigeria. 96 clusters of villages with a population of close to 300,000 inhabitants have been included in the study. 24 clusters of villages have been randomly assigned to one of the 4 study arms (3 treatment arms and 1 control arm). Fifteen percent of households with women of reproductive age have been sampled to take part in a baseline survey prior to implementation of the interventions. These same households will participate in an endline survey, two years after initiation of the interventions. According to population estimates, approximately 7,200 women will be surveyed as part of the baseline and endline surveys. In addition, all pregnant women in the households sampled for the baseline survey will be asked to participate in post partum surveys (one within 72 hours after birth, and the other 4 weeks after birth) during the 2-year program implementation phase. Approximately 3,500 post-partum women will be surveyed as part of these surveys. Monitors will also keep track of all deaths of women of reproductive age and neonatal deaths in their respective villages via an SMS monitoring system.",,[],2013-05-26,True,True,"The study will be evaluating 3 primarily demand side community-based interventions aimed at increasing utilization of health care services offered at existing facilities in Jigawa state. Specifically, the following interventions are being evaluated: Intervention 1: Voluntary Health Worker (VHW) Program Voluntary Health Workers will conduct door-to-door campaigns on maternal and child health, and will visit pregnant women regularly to educate and to encourage use of antenatal care and facility-based deliveries. Intervention 2: VHW program plus distribution of Safe Birth Kits Communities in this arm will receive the standard package of VHW services supplemented with distribution of safe birth kits to pregnant women. Safe birth kits contain sterile materials to diminish infection risk during delivery. Intervention 3: VHW program plus Community Engagement Strategies In addition to the VHW program, communities in this arm will Community-wide media activities, including dramas, intended to address community norms regarding maternal and child health.",2015-12-31,2015-06-01,2013-06-01,Name: Massachusetts Institute of Technology Approval_number: 1011004168 Approval_date: 2011-12-01 Name: IPA Approval_number: 429.11May-001 Approval_date: 2011-03-05,[],"[""[\""health\"""", ""\""pregnancy\"""", ""\""maternal mortality\"""", ""\""neonatal mortality\"""", ""\""community intervention\"""", ""\""voluntary health worker\"""", ""\""safe birth kit\"""", ""\""maternal child health\""]""]",2023-10-25,,,24.0,96.0,96.0,1,6494.0,7200.0,4,[],vandana sharma vsharma povertyactionlab org,"[""jessica leight leight american edu leight american edu"", ""martina nyqvist martina bjorkman nyqvist hhs se stockholm school of economics"", ""vandana sharma vsharma povertyactionlab org"", ""vandana sharma vsharma povertyactionlab org mit""]",Vandana Sharma vsharma@povertyactionlab.org,"[""Vandana Sharma vsharma@povertyactionlab.org"", ""Martina Nyqvist (Martina.Bjorkman.Nyqvist@hhs.se) Stockholm School of Economics"", ""Vandana Sharma (vsharma@povertyactionlab.org) MIT"", ""Jessica Leight (leight@american.edu) leight@american.edu""]",,,"Maternal Mortality Ratio (MMR), Neonatal Mortality Rate (NMR), Maternal Morbidity, birthweight, health seeking behaviour",False,,True,False,,2023-10-25,Randomization was done in an office outside of the study area by computer.,"clusters of villages with an average population size of 3,000 inhabitants",AEARCTR-0000006,2013,"Abstract: The slow pace of improvement in service delivery and health outcomes for pregnant women and newborns in developing countries has been a major concern for policy makers in recent decades. This paper presents the results from a randomized controlled trial of a community health worker program designed to enhance uptake of child and maternal health services in Northern Nigeria. Three interventions were evaluated: the deployment of community health educators, health educators with the provision of safe birth kits, and health educators with community dramas. The results suggest that the interventions increased utilization of antenatal, postnatal, and infant care. Maternal and newborn health practices improved as well as health knowledge. In addition, the community health worker program was more effective when supplemented with additional program components. Citation: Martina Björkman Nyqvist, Jessica Leight & Vandana Sharma (2023) Community Health Educators and Maternal Health: Experimental Evidence from Northern Nigeria, The Journal of Development Studies, 59:1, 73-93, URL: https://www.tandfonline.com/doi/full/10.1080/00220388.2022.2110489",ClinicalTrials.gov ID: NCT01487707,,,[],2012-02-01,completed,completed,Community Based Strategies to Reduce Maternal Mortality in Northern Nigeria,24 clusters in each arm (3 treatment arms and control),6,http://www.socialscienceregistry.org/trials/6
"Under the Right to Education Act passed in 2009, which came into effect in April 2010, every child from the age of six to fourteen is guaranteed free and compulsory education, and no child can be held back, expelled or required to pass a board examination until the completion of elementary education. The Continuous and Comprehensive Evaluation scheme was formulated under the Act to replace test-based evaluations in government schools, with a view to introduce a more uniform and comprehensive pattern of assessment in education for children, as well as to decrease the accumulated stress of board exams and year-end assessments. The impact of CCE, however, has never been evaluated. The first arm of this study, undertaken in collaboration between J-PAL and the government of Haryana, examines whether training teachers to implement CCE and distributing the right material leads to (1) adoption of continuous evaluation (2) changes in pedagogy and (3) any change in learning. The second arm of this study evaluates the impact of another intervention conducted in the same set of schools, in collaboration between Pratham and the government of Haryana. One hour per day, students are organized not by formal grade but by level of competencies, and teachers are taught to focus on remedial learning adapted to students in each group. The study will examine whether training the teachers in this method, and supporting them with regular visits leads to (1) adoption of the ""teaching at the right level method"" and (2) changes in learning.",,,b3e2012e5a0788a31eba388a37ce8ec905aedcc5,"[""Private""]",,,10.1257/rct.8-1.0,2014-12-31,This is a three group design: -control (98 school campuses--126 schools) -CCE only (93 school campuses--127 schools) -RE only (94 school campuses--123 schools) -CCE+RE (100 school campuses--125 schools) The intervention will be tested in Classes 1-5 and 7.,,[],2013-06-15,False,True,"There are two interventions: 1) training teacher in the use of the CCE tools, and monitoring this use. The training component, conducted by the Government of Haryana's State Council Educational Research and Training (SCERT), will introduce teachers from randomly chosen schools to the goals of CCE and instruct them on CCE grading and monitoring. 2) training teachers in Pratham's method of ""teaching at the right level"". One our per day, students will be re-organized by level of achievement and not by grades, and teachers will be trained in simple technique effective for remedial education.",,2013-03-30,2011-11-30,Name: Massachusetts Institute of Technology Approval_number: 1104004428 Approval_date: 2011-05-19,[],"[""[\""education\"""", ""\""remedial education\""]""]",2013-06-15,,,98.0,,500.0,1,,22900.0,4,[],esther duflo eduflo mit edu,"[""esther duflo eduflo mit edu"", ""j-pal marc shotland shotland mit edu mit"", ""james berry jwb cornell edu cornell"", ""shobhini mukerji shobhini mukerji ifmr ac in j-pal south asia""]",Esther Duflo eduflo@mit.edu,"[""Esther Duflo eduflo@mit.edu"", ""Shobhini Mukerji (shobhini.mukerji@ifmr.ac.in) J-PAL South Asia"", ""James Berry (jwb295@cornell.edu) Cornell"", ""Marc Shotland (shotland@mit.edu) MIT, J-PAL""]",,,test scores (written and oral),,,False,,,2013-06-15,Randomization in office computer (Stata),School campus (which could include multiple schools).,AEARCTR-0000008,2013,,,,,[],2011-05-19,on_going,on_going,An Evaluation of Continuous Comprehensive Evaluation and Teaching at the Right Level,,8,http://www.socialscienceregistry.org/trials/8
"This project evaluates an innovative policy intervention which aims at enhancing supply of public employment in Bihar, a state where the Indian employment guarantee faces severe implementation challenges. The new system of funds transfer and expenditures tracking is rolled out in randomly selected phases across Bihar districts. If the intervention successfully increases spending, we will use it as a way to evaluate the impact of NREGA on people's lives. Detailed field surveys will measure the effect of increased access to public employment on households’ consumption smoothing and migration decisions, as well as its effect on private labour contracts and wages. Since the intervention could also reduce corruption by linking more directly fund flow to payroll, we will also be looking at potential impacts on ghost workers and other measures of corruption.",,,f3f43370f01e790adefabfccb4f9e47d2fe69e01,"[""Private""]",,,10.1257/rct.9-1.0,2014-06-01,"Panchayats in randomly selected blocks will either have access to the new fund flow or they will not (all households across the control and treatment villages will be eligible for MNREGA employment). The proposed study involves a mixed methods approach of data collection. First, MG-NREGS expenditures and employment will be tracked through official administrative sources, and if over time there is a significant increase in expenditure, then outcomes such as household consumption, production and labor outcomes will be measured by surveying 25 households in 2 Panchayat villages randomly chosen within each blocks 9800 households in total. During the household survey, we will also collect qualitative data from households on perceived barriers to obtaining access to the scheme. We will also collect qualitative data from Panchayat heads on the perceived issues in implementing MNREGA. The proposed evaluation relies mostly on statistical analysis of administrative and household survey data. However, throughout the process, interviews of GoB staff in charge of MG-NREGS at the State and local level will also be conducted by the research team. The research team will do field visits, and confirm through interviews of officials and intended beneficiaries if public employment provision has indeed improved. Informed consent will be ensured in all cases.",,[],2013-10-04,False,True,"In the new fund flow, the state pool of MNREGA funds automatically reimburses Panchayat for their expenditures on labor payments, provided they enter the beneficiary and payment details on a web portal. The financial structure and the portal are managed by the Central Plan Scheme Monitoring System (CPSMS).",,2013-04-01,2012-10-01,Name: Massachusetts Institute of Technology Approval_number: 1207005145 Approval_date: 2012-07-20,[],"[""[\""governance\"""", ""\""employment\"""", ""\""welfare\""]""]",2013-10-04,,,69.0,,12.0,1,,196.0,4,[],esther duflo eduflo mit edu,"[""cl ment imbert clement imbert economics ox ac uk paris school of economics"", ""esther duflo eduflo mit edu"", ""j-pal abhijit banerjee banerjee mit edu mit"", ""rohini pande rohini pande ksg harvard edu harvard""]",Esther Duflo eduflo@mit.edu,"[""Esther Duflo eduflo@mit.edu"", ""Abhijit Banerjee (banerjee@mit.edu) MIT, J-PAL"", ""Rohini Pande (rohini_pande@ksg.harvard.edu) Harvard"", ""Clément Imbert (clement.imbert@economics.ox.ac.uk) Paris School of Economics""]",,,"expenditures on NREGA; household level employment through NREGA; ""leaks"" ; household consumption during lean season",,,False,,,2013-10-04,Randomization done in office by a computer,Blocks,AEARCTR-0000009,2013,,,,,[],2012-01-01,on_going,on_going,Enhancing Local Public Service Delivery: Experimental Evidence on the National Rural Employment Guarantee Scheme in Bihar (BNREGA),,9,http://www.socialscienceregistry.org/trials/9
"Iron deficiency anemia (IDA) has been linked to low productivity in adults, slowing of cognitive and physical growth among children and, in the elderly, increased risk of cognitive impairment and physical disability, as well as decreased muscle strength. While iron deficiency anemia has been recognized to be a serious public health problem in developing countries for several years, something that both limits the working population and increases risks for cognitive impairment and health shocks in the elderly, not much progress has yet been made against it. Distributing iron supplements appears to be an impractical policy in resource-poor settings where the public health systems do not have the capacity to maintain a large-scale distribution system. Iron supplementation of foods is therefore an attractive alternative: it requires no additional effort on the part of the consumer, and can be done relatively cheaply in centralized locations. This study measures the impact of giving free Double (Iron and Iodine) Fortified Salt to randomly assigned households in 62 villages, compared to households who were randomly assigned to no free salt. The households which we give DFS will still choose whether to use free DFS or not, which will constrain potential health benefits. We expect to observe increases in haemoglobin, particularly among individuals anemic at baseline if households respond to the offer of free salt by using it to cook human food.",,,177cc0932609a0e277d3ebc02bb9c42e8c0dc0ab,"[""Private""]",,,10.1257/rct.10-1.0,2014-06-01,We randomly selected 62 villages participating in another trial where Double Fortified Salt is being made available for sale in stores and where a baseline survey had been completed with all members of 15 households per village. We randomly assigned 7 households per village to receive free DFS and the other 8 households to not receive free DFS.,,[],2013-05-15,False,True,We deliver free Double Fortified Salt manufactured in India by Tata Chemicals Ltd. to homes of subjects at the rate of 0.8 kg per month per treated household for approximately 7 - 11 months.,,2014-06-01,2013-05-11,Name: IFMR (Chennai) Approval_number: IRB00007107; FWA00014616; IORG0005894 Approval_date: 2013-04-24 Name: MIT Approval_number: 1101004293 Approval_date: 2013-04-26,[],"[""[\""health\"""", ""\""Nutrition\"""", ""\""Anemia\""]""]",2013-05-15,,,2821.0,,930.0,1,,6045.0,3,[],sharon barnhardt sharonbarnhardt gmail com,"[""abhijit v banerjee banerjee mit edu mit"", ""esther duflo eduflo mit edu mit"", ""sharon barnhardt sharonbarnhardt gmail com""]",Sharon Barnhardt sharonbarnhardt@gmail.com,"[""Sharon Barnhardt sharonbarnhardt@gmail.com"", ""Abhijit V. Banerjee (banerjee@mit.edu) MIT"", ""Esther Duflo (eduflo@mit.edu) MIT""]",,"Hemoglobin level measured by hemocue, anemia, BMI, Mid-Upper Arm Circumference, Number of Activities of Daily Living that can be completed, Self-reported health, Queens College Step Test, Time to walk 4 meters, Time to sit and stand up 5 times in a row, Depression index based on the CES-D from self-reports on mental states. The Lucknow Development Screen for infant development, Memory batteries for children (digit spans from PGI Memory Scales and block tapping test from the NIMHANS child neurpsoychology tests), Memory for adults (four subtests of the PGI Memory Scale), Hindi Mental State Exam for adults over 50. School attendance, work attendance, value of consumption, and time use including hours of work.","Hemoglobin level, physical health, cognition (memory), school/work attendance and time use.",,,False,,,2013-05-15,Computer generated randomization done in office outside study district.,Households,AEARCTR-0000010,2013,,,,,[],2011-04-04,on_going,on_going,Free DFS - Intervention to fight anemia and improve well-being in a very low income setting,,10,http://www.socialscienceregistry.org/trials/10
"Iron deficiency anemia (IDA) has been linked to low productivity in adults, slowing of cognitive and physical growth among children and, in the elderly, increased risk of cognitive impairment and physical disability, as well as decreased muscle strength. Distributing iron supplements appears to be an impractical policy in resource-poor settings where the public health systems do not have the capacity to maintain a large-scale distribution system. Iron supplementation of foods is therefore an attractive alternative: it requires no additional effort on the part of the consumer, and can be done relatively cheaply in centralized locations. While NIN's Iron (and Iodine) Fortified Salt (DFS) has been studied extensively by the National Institute of Nutrition (Hyderabad) and others for safety and efficacy in humans, willingness to pay for this new technology has not been established. In this experiment, we randomly assign discounts for Double (iron and iodine) Fortified Salt at the household level in order to estimate demand at various prices among low-income rural households in India (Bihar). We also assign three types of information campaign delivery at the village level to understand their relative effects on take-up.",,,619d3b89fcb415ea3688a7480b65f64ab37575de,"[""India (Bihar - Bhojpur District)""]",,,10.1257/rct.11-1.0,2011-12-09,"We proceed in this order: 1. Random selection of 43 villages from one block within Bhojpur District. 2. Random selection of 99 households from District Rural Development Authority census lists. 3. Random assignment of 9 households per village to each voucher type. 4. Random assignment of 14 or 15 villages to each information campaign type. 5. Salt stocking and information campaign delivery. 6. Baseline survey on demographics, anemia knowledge, DFS knowledge. Voucher delivery. 7. After 4 weeks, redeemed voucher collection from stores. 8. Endline household survey on knowledge of DFS, anemia, use of voucher, experience with product.",,[],2013-05-15,False,True,"We made Double Fortified Salt available for sale in 43 villages by approaching local stores to sell it. We created 11 types of vouchers with showing prices net of discount, which varied in privates stores and/or government shops (the Public Distribution System). These vouchers were randomly assigned to households that could use them to purchase DFS at a discount during a 4-week period. Each village was randomly assigned to one of three types of communications delivery which informed people about the role of Double Fortified Salt in preventing anemia: - posters and other written promotional materials hung at shops - the above plus a street play conducted by actors - all of the above plus a household visit from a government health worker",,2011-12-06,2011-10-01,Name: IFMR (Chennai) Approval_number: IRB00007107; FWA00014616; IORG0005894 Approval_date: 2011-05-02 Name: MIT COUHES Approval_number: 1101004293 Approval_date: 2011-02-11,[],"[""[\""health\"""", ""\""voucher\"""", ""\""nutrition\"""", ""\""demand for health product\"""", ""\""discount\"""", ""\""information campaign\""]""]",2013-05-15,,,14.0,,43.0,1,,4257.0,3,[],sharon barnhardt sharonbarnhardt gmail com,"[""abhijit banerjee banerjee mit edu mit"", ""esther duflo eduflo mit edu mit"", ""sharon barnhardt sharonbarnhardt gmail com""]",Sharon Barnhardt sharonbarnhardt@gmail.com,"[""Sharon Barnhardt sharonbarnhardt@gmail.com"", ""Abhijit Banerjee (banerjee@mit.edu) MIT"", ""Esther Duflo (eduflo@mit.edu) MIT""]",,Product knowledge was measured with a short set of questions about DFS and anemia designed to find out if the respondent had ever heard of them (separately) and what was known about each one (separately).,"Purchase of DFS by the household, Product knowledge",,,False,,,2013-05-15,Computer generated randomization in office outside study area.,Villages and households,AEARCTR-0000011,2013,,,,,[],2011-10-01,completed,completed,Pricing Experiment - Intervention to fight anemia and improve well-being in a very low income setting,,11,http://www.socialscienceregistry.org/trials/11
"Iron deficiency anemia (IDA) has been linked to low productivity in adults, slowing of cognitive and physical growth among children and, in the elderly, increased risk of cognitive impairment and physical disability, as well as decreased muscle strength. While iron deficiency anemia has been recognized to be a serious public health problem in developing countries for several years, something that both limits the working population and increases risks for cognitive impairment and health shocks in the elderly, not much progress has yet been made against it. Distributing iron supplements appears to be an impractical policy in resource-poor settings where the public health systems do not have the capacity to maintain a large-scale distribution system. Iron supplementation of foods is therefore an attractive alternative: it requires no additional effort on the part of the consumer, and can be done relatively cheaply in centralized locations. This study is a cluster-randomized trial in Bhojpur District (Bihar) of Double (iron and iodine) Fortified Salt (DFS), a fortified food designed to prevent anemia. We randomly assign 200 villages where DFS is made available for purchase through private shops and PDS stores, and randomly assign 200 villages to no intervention. We also conduct an information campaign in each treatment village to tell households about the new product. We measure health impact using all individuals in 15 randomly selected households within each village. They complete a baseline survey as well as an endline after approximately one year. The main outcomes of interest are haemoglobin level, anemia, weakness, absence from work/school and cognitive health.",,,8e8d152ab73627d92b85efb010b60441ce9d21a9,"[""Private""]",,,10.1257/rct.13-1.0,2014-09-01,"We are working in Bhojpur District of Bihar, and follow these procedures: - Randomly select 400 villages to be part of the trial. - Randomly assign 200 villages to be treated and 200 villages to serve as the control (where we do not intervene). - Conduct baseline survey in 15 randomly selected households per village. - Conduct information campaign and begin first round of salt stocking in stores. Stocking repeats for approximately one year. - Every month, measure store sales, household take-up and hemoglobin in a small subset of villages for process monitoring. - Conduct endline survey with same households.",,[],2013-05-16,False,True,"We make Double (iron and iodine) Fortified Salt (DFS) available for purchase, at a discount from the MRP, in 200 villages randomly assigned to this treatment. All 200 villages also receive an information/marketing campaign through posters and a street play conducted by actors.",,2013-10-31,2012-08-27,Name: IFMR (Chennai) Approval_number: IRB00007107; FWA00014616; IORG0005894 Approval_date: 2011-05-02 Name: MIT COUHES Approval_number: 1101004293 Approval_date: 2011-11-08 Name: Indian Council of Medical Research Approval_number: 5/7/1008/Indo/FRC/2011-RHN Approval_date: 2012-01-10,[],"[""[\""health\"""", ""\""nutrition\"""", ""\""anemia\"""", ""\""hemoglobin\"""", ""\""cognition\"""", ""\""fortified foods\""]""]",2013-05-16,0.7 g/dL among elderly subgroup,,3000.0,,400.0,1,,6000.0,3,[],sharon barnhardt sharonbarnhardt gmail com,"[""abhijit banerjee banerjee mit edu mit"", ""esther duflo eduflo mit edu mit"", ""sharon barnhardt sharonbarnhardt gmail com""]",Sharon Barnhardt sharonbarnhardt@gmail.com,"[""Sharon Barnhardt sharonbarnhardt@gmail.com"", ""Abhijit Banerjee (banerjee@mit.edu) MIT"", ""Esther Duflo (eduflo@mit.edu) MIT""]",,"Hemoglobin level measured by hemocue, anemia. BMI, Mid-Upper Arm Circumference, Number of Activities of Daily Living that can be completed, Self-reported health, Queens College Step Test, Time to walk 4 meters, Time to sit and stand up 5 times in a row, Depression index based on the CES-D from self-reports on mental states. The Lucknow Development Screen for infant development, Memory batteries for children (digit spans from PGI Memory Scales and block tapping test from the NIMHANS child neurpsoychology tests), Memory for adults (four subtests of the PGI Memory Scale), Hindi Mental State Exam for adults over 50. School attendance, work attendance, value of consumption, and time use including hours of work.","Hemoglobin & anemia, physical health, cognition, productivity.",,,False,,,2013-05-16,Random assignment done by computer in office outside the study area.,Villages,AEARCTR-0000013,2013,,,,,[],2011-04-04,on_going,on_going,Intervention to fight anemia and improve well-being in a very low income setting,,13,http://www.socialscienceregistry.org/trials/13
"By offering means-tested secondary school scholarships to a randomly selected subset of youth in Ghana, and comparing school enrollment and longer-term outcomes in cognition, health, employment, as well as attitudes and beliefs, between scholarship winners and a similar group of youth not offered a scholarship, this study aims to provide evidence on the barriers to enrollment and estimate the longer-run impacts of secondary education. Starting in 2017, we began tracking children of the respondents to assess the inter-generational impact of secondary education on cognitive development. This project is conducted in collaboration with Professor Elizabeth Spelke's Laboratory for Development Studies at Harvard University and Mark Walsh.","February 03, 2022; March 29, 2022",,afaf41e1bd908a850b0fcc4cb8df2e5e89456de0,"[""Ghana (Africa)""]",,,10.1257/rct.15-2.3,2023-12-31,"We sampled 2,064 students (evenly split between males and females) who had completed junior high school and earned admission into a 4-year secondary school (“senior high school”) but had not enrolled by the Fall 2008 due to financial constraints. Out of these 2,064 students, 682 students were selected (by lottery) to receive a scholarship that covered 100% of the tuition and fees at a local public senior high school. The scholarships were announced during the 2008/2009 academic year and over 75% of scholarship winners enrolled in senior high school that year. The goal is to compare the outcomes of those offered the scholarship (the treatment group) with those who did not win the lottery (the comparison group) for at least 10 years in order to estimate the impacts of lowering the financial barriers to secondary school enrollment and the returns to secondary education. We will track each of the 2,064 students in the baseline sample (both scholarships winners and losers) three times over 10 years to conduct short-, medium-, and long-run follow-ups. ** In addition, as of 2017 we started tracking their children and administering an assessment of cognitive development, based on frontier research in cognitive science and developed for use in Ghana. We are administering assessments when a child reaches the following critical age windows: 14-22 months old, 30-36 months old, 3-4 years old, 5-6 years old, 7-8 years old.",,[],2013-06-15,True,True,"682 youths who had just completed senior high school and qualified for secondary school on the basis of the gateway exam were randomly selected among 2,054 academically qualified but poor students to receive a 4-year scholarship to cover tuition and fees for senior high school.",,2012-06-01,2009-01-01,Name: Innovations for Poverty Action (IPA) IRB Approval_number: 08October-002 Approval_date: 2008-10-13 Name: Massachusetts Institute of Technology COUHES Approval_number: 0610001931 Approval_date: 2006-10-19 Name: UCLA OPHRS Approval_number: G08-09-090-01 Approval_date: 2008-10-11 Name: Stanford IRB Approval_number: 24622 Approval_date: 2012-05-25 Name: GHANA HEALTH SERVICE ETHICS REVIEW COMMITTEE Approval_number: GHSERC 12/04/17 Approval_date: 2017-06-13,[],"[""[\""education\"""", ""\""gender\"""", ""\""health\"""", ""\""labor\"""", ""\""other\"""", ""\""Early Childhood Development\""]""]",2022-03-29,,,682.0,,2064.0,1,,2064.0,5,[],esther duflo eduflo mit edu,"[""esther duflo eduflo mit edu"", ""michael kremer mkremer fas harvard edu harvard university"", ""pascaline dupas pdupas stanford edu stanford university"", ""spelke elizabeth spelke wjh harvard edu harvard university"", ""walsh mark mwalsh stanford edu stanford university""]",Esther Duflo eduflo@mit.edu,"[""Esther Duflo eduflo@mit.edu"", ""Pascaline Dupas (pdupas@stanford.edu) Stanford University"", ""Michael Kremer (mkremer@fas.harvard.edu) Harvard University"", ""Spelke Elizabeth (spelke@wjh.harvard.edu) Harvard University"", ""Walsh Mark (mwalsh24@stanford.edu) Stanford University""]",,"- Educational attainment: years of schooling, types of schooling, degrees completed - Cognitive outcomes: score on achievement test, raven's matrix, digit recall - Attitudes and preferences: willingness to express opinions, willingness to contribute to public goods, risk aversion, discount rates, fatalism, extroversion, conformism - Labor market outcomes: Labor market participation, career choices, earnings) - Non-formal sector livelihoods: coping patterns, use of fertilizer etc - Savings and asset accumulation: use of formal and informal savings mechanisms, money management etc - Marriage outcomes: age at marriage, spouse’s characteristics; - Fertility: age at first pregnancy, number of children, spacing, desired family size - Health and reproductive health: hygiene and water use habits, days of work, incidence of common diseases such as diarrhea of self and children, nutritional behavior, maternal and child health - Civic and political participation; beliefs, values, attitudes. - Outcomes for relatives of scholarship recipients (health and welfare of parents or guardians and siblings, educational achievement of siblings). For offspring study focused on intergenerational effects: The components of the cognitive development measured are children’s executive function, children’s language skills, children’s math and numeracy, children’s social cognition, children's spatial reasoning.","educational attainment, cognitive skills, health, fertility and marriage outcomes, labor market participation, attitudes, beliefs, political participation, time and risk preferences, technology adoption For offspring study focused on intergenerational effects: Children's cognitive development, child survival.",,,False,,,2022-03-29,Randomization done in office by a computer,Individual,AEARCTR-0000015,2013,,,see details in attached pre-analysis plan,"For offspring study focused on intergenerational effects: Child stunting, caregiver-child interactions, child's socio-economic status, family investment in child, caregiver's aspirations for child, child education, child preventive health, child health, child engagement and stimulation, caregiver depression, child's neighborhood quality",[],2008-11-01,on_going,on_going,Measuring the Returns to Secondary Education,,15,http://www.socialscienceregistry.org/trials/15
"Ethnic polarization is often linked to underdevelopment and poor governance. What amplifies and what mitigates ethnic tensions amongst individuals in a society? This project aims to understand how subtle and moderate changes in context can impact economic behavior. We use behavioral economics experiments to measure altruism, cooperation, and expected generosity in within-group and across-group interactions. Using “priming” within the lab, we identify if these behavioral outcomes vary with the increased situational salience of ethnic identity, national identity, or political competition. We replicate our design at two time points in Nairobi, Kenya (with the second round being close in time to the 2013 national elections) to examine how election proximity might affect behavior, and in the capital (Dar es Salaam) of neighboring Tanzania to explore how differing political histories can shape current social interactions.",,false,e4e7550528b21e39bf1071816782d9848de795ad,"[""Kenya ()"", ""Tanzania, United Republic of ()""]",True,2013-02-14,10.1257/rct.16-1.0,2013-02-14,See the attached pre-analysis plan for details.,See the attached pre-analysis plan for details.,[],2013-05-28,False,True,Different subject priming treatments in the lab. See the attached pre-analysis plan for details.,2013-02-14,2013-02-14,2012-07-16,"Name: Innovations for Poverty Action, Kenya IRB Approval_number: No approval #; signed by Carolyne Nekesa Approval_date: 2012-07-07 Name: Stanford University IRB Approval_number: #24582 Approval_date: 2012-07-05 Name: University of California, Berkeley - Committee on the Protection of Human Subjects Approval_number: #2012-04-4287 Approval_date: 2012-07-01",[],"[""[\""electoral\"""", ""\""governance\"""", ""\""post-conflict\"""", ""\""Ethnic politics\"""", ""\""Lab experiment\"""", ""\""Priming\"""", ""\""IAT\""]""]",2013-05-28,,,,2098.0,2098.0,2,2098.0,2098.0,7,[],edward miguel emiguel econ berkeley edu,"[""berkeley simon galle university of california"", ""bertil tungodden norwegian school of economics"", ""daniel posner mit"", ""edward miguel emiguel econ berkeley edu"", ""kelly zhang stanford university"", ""kjetil bjorvatn norwegian school of economics"", ""lars ivar oppedal berge norwegian school of economics""]",Edward Miguel emiguel@econ.berkeley.edu,"[""Edward Miguel emiguel@econ.berkeley.edu"", ""Kelly Zhang () Stanford University"", ""Bertil Tungodden () Norwegian School of Economics"", ""Daniel Posner () MIT"", ""Lars Ivar Oppedal Berge () Norwegian School of Economics"", ""Simon Galle () University of California, Berkeley"", ""Kjetil Bjorvatn () Norwegian School of Economics""]",,See the attached pre-analysis plan for details.,Choices in multiple lab experimental games. See the attached pre-analysis plan for details.,,,False,False,,2013-05-28,Computer random number generator. See the attached pre-analysis plan for details.,Individual,AEARCTR-0000016,2013,,,,,[],2012-07-16,completed,completed,Understanding Ethnic Cooperation: Evidence from Experiments in Kenya and Tanzania,See pre-analysis plan for details.,16,http://www.socialscienceregistry.org/trials/16
"This randomized controlled trial (RCT) evaluates the Unconditional Cash Transfer (UCT) of GiveDirectly, Inc in Western Kenya. Between June 2011 and January 2013, GiveDirectly distributed unconditional cash transfers to 500 poor rural households. The transfers were sent to recipients' mobile phones using the M-Pesa technology. The present RCT includes three treatments: first, the transfers were randomly chosen to be sent to either the primary female or the primary male member of the household. Second, the transfers were randomly assigned to be sent as either a large lump-sum payment, or a series of nine monthly installments of the same total amount. Third, the magnitude of the total transfer to each treatment household was randomly chosen to be either $300 or $1,100. The outcome variables include expenditure, food security, assets, income and enterprise activity, intrahousehold bargaining, domestic violence, education, health, and preferences, as well as psychological well-being and neurobiological measures of stress.","June 28, 2013; November 21, 2015; March 15, 2016; June 16, 2016; July 06, 2016",,455749bb3a6a359933feb73c909d1f83822fb4b5,"[""Kenya (Rarieda)""]",,,10.1257/rct.19-5.0,2013-02-28,"Evaluation questions Our main questions are: (i) What are the overall impacts of UCTs on various dimensions of household welfare? (ii) How should UCTs be structured to maximize impact? In particular, how do outcomes vary with three key, yet understudied, design parameters: recipient gender, transfer frequency, and transfer size? The intervention therefore contains the following treatment arms: 1. Transfers to the woman vs. the man in the household. First, half of the transfers were made to the woman, while the other half were made to the man. This feature allows us to identify the differential welfare effects of gender-specific cash transfers. 2. Lump-sum transfers vs. monthly installments. Second, half of the transfers were lump sum, and the other half was paid in 9 monthly installments. By randomizing the month in which the lump sum transfer was made, we kept the discounted present value of the lump-sum and installment transfers similar across the overall lump sum and monthly installment groups. 3. Large vs. small transfers. Finally, a proportion (28%) of the transfers were $1,100 in magnitude, while the remainder were $300. This manipulation allows us to estimate the effect of transfer magnitude on welfare outcomes. These three treatment arms are fully crossed with each other, except that the $1,100 transfers were made to existing recipients of $300 transfers in the form of a $800 top-up that was delivered as a stream of payments after respondents had already been told that they would receive $300 transfers. The pre-analysis plan outlines how this issue is dealt with in the analysis. Evaluation Design Sampling and Identification strategy To establish a causal relationship between the program and changes in outcomes, this study uses a Randomized Control Trial (RCT). We first identified Rarieda as an intervention area because it has (i) high poverty rates according to census data, and (ii) sufficient M-Pesa access to make transfers feasible. We then identified 100 villages based on the overall prevalence of eligible households in the village. In these villages, we identified 1,500 eligible households, with eligibility determined by residing in a home made of mud, grass, and other non-solid materials. These criteria are simple, objective, and transparent, maximizing accountability. The criteria were not pre-announced to avoid “gaming” of the eligibility rules. We then randomized on two levels -- across villages, and within villages. Specifically, 50 villages were randomly assigned to be treatment villages, while the other 50 were pure control villages. In each of the latter, we surveyed 10 households that did not receive a cash transfer. Within treatment villages, we conducted a within-village randomization: 50% of eligible households were randomly assigned a cash transfer; the other 50% received no transfer (GD will seek to make transfers to this group after the study). This strategy allows us to identify spillover effects (detailed in the pre-analysis plan). Spillover effects We use three approaches to quantify spillover effects. First, we used pure control villages to quantify within-village spillovers. Comparing control households in treatment villages to those in pure control villages identifies within-village spillover effects. Second, we identify spillover effects across villages. Note that these effects could potentially be even more pronounced than within villages, if, for instance, entire villages are affected by weather shocks. Using GPS data on village location, we can identify cross-village spillovers, under the assumption that these spillovers are geographically correlated. Third, a separate village-level survey elicited general equilibrium effects of the intervention at the level of the local economy; we surveyed residents of the village on prices, labor supply, wages, crime, investment, community relations (e.g. perceived fairness of targeting criteria) and power dynamics. Data collection methods and instruments Data was collected at baseline and one year after the intervention. A midline with a subset of questions was administered to a sample of respondents each month after the intervention. Trained interviewers visited the households; both the primary male and the primary female of the household were interviewed (separately). Surveys were administered on Netbooks using the Blaise survey software. Following standard IPA procedure, we performed backchecks consisting of 10% of the survey, with a focus on non-changing information, on 10% of all interviews. This procedure was known to field officers ex ante. Saliva samples were collected using the Salivette (Sarstedt, Germany), which has been used extensively in psychological and medical research, and more recently in randomized trials in developing countries similar to this one. It requires the respondent to chew on a sterile cellulose swab, which is then centrifuged and analyzed for salivary cortisol. Power calculation The sample size of 500 individuals in each of the treatment, control, and pure control conditions was chosen based on a power calculation, which showed that a sample of 1,000 individuals is sufficient to detect effect sizes of 0.2 SD for all treatment vs. pure control households with 89% power. Different treatment arms within the treatment groups (male vs. female recipient, lump-sum vs. monthly, large vs. small transfers) can be compared with 60% power. Risk and treatment of attrition Attrition was not a significant concern in this study because it became evident early on in GD’s work in Kenya that respondents were highly interested in maintaining relations with GiveDirectly in the hope of receiving future transfers (although these are never promised). Nevertheless, we used five approaches to control attrition. First, the survey contained a detailed tracking module developed by Innovations for Poverty Action (IPA), the NGO implementing the fieldwork. IPA and GD collaborated closely throughout the study to facilitate tracking. Second, we incentivized survey completion through a small appreciation gift (a jar of cooking fat); in addition, respondents earned money from the economic games in the survey. Third, in our power calculations, an attrition rate of 20% would still result in a power of 80%. In fact, we only observed 3% attrition between the two visits of the baseline. Finally, we control for attrition econometrically in the analysis, as detailed in the pre-analysis plan.",,[],2013-06-28,True,True,"The UCT Program implemented by GiveDirectly Inc. (GD) targets impoverished households in Kenya. The study evaluates GD’s intervention in the Rarieda District, in Western Kenya. GD’s intended beneficiaries are especially disadvantaged households, with per capita incomes below $1 per day. Households are identified as eligible using objective and transparent criteria that are highly correlated with poverty: dwellings lacking solid walls, floors, or roofs. GD’s goal is to provide flexible financial assistance to those in greatest need, while maximizing cost efficiency by transferring cash electronically using M-Pesa mobile money technology, a key innovative feature of the program. M-Pesa is a mobile money system offered by Safaricom, the largest Kenyan mobile phone operator. GD transfers the money from GD’s M-Pesa account to that of the recipient. To facilitate the transfers, GD distributes a SIM card and asks the recipient to sign up for M-Pesa; then, money is transferred to the SIM card, and the recipient can withdraw the balance at an M-Pesa agent by putting the SIM card into the agent's cell phone, or using their own phone. This delivery method drastically cuts the costs of reaching the recipient: GD transfers 90% of the program’s total budget directly to a poor household, with the remainder covering recipient identification, including staff costs (7%), and mobile transfer fees for both GD and recipients (3%). Not only is the intervention cheap; the insights from the study can also be applied broadly, as the program can be implemented in any area with access to mobile money technology. As such technology spreads throughout the developing world, the program will become increasingly scalable.",,2013-01-31,2011-06-01,"Name: Innovations for Poverty Action Kenya (IPAK) Institutional Review Board Approval_number: none Approval_date: 2011-04-30 Name: Ethics Committee, Canton of Zurich Approval_number: KEK-ZH-Nr. 2010-0477/0 Approval_date: 2011-01-11 Name: Kenya Medical Research Institute (KEMRI) Ethics Review Committee (ERC) Approval_number: NON-SSC NO. 171 Approval_date: 2011-04-19 Name: University of Zurich, Department of Economics Institutional Review Board Approval_number: none Approval_date: 2011-04-21 Name: Massachusetts Institute of Technology (MIT) Institutional Review Board Approval_number: 1109004672 Approval_date: 2011-10-20","[""C93"", ""D13"", ""I15"", ""I25"", ""O12""]","[""[\""agriculture\"""", ""\""education\"""", ""\""finance\"""", ""\""health\"""", ""\""welfare\"""", ""\""unconditional cash transfers\"""", ""\""psychological welfare\"""", ""\""cortisol\""]""]",2016-07-06,"0.2 SD, 89%",0.2,500.0,,100.0,1,,1500.0,2,[],johannes haushofer haushofer gmail com,"[""jeremy shapiro jeremypshapiro gmail com mckinsey co"", ""johannes haushofer haushofer gmail com""]",Johannes Haushofer haushofer@gmail.com,"[""Johannes Haushofer haushofer@gmail.com"", ""Jeremy Shapiro (jeremypshapiro@gmail.com) McKinsey & Co.""]",,See pre-analysis plan,"Assets, expenditure, psychological well-being and neurobiological markers of stress, food security, education, health, intra-household bargaining and domestic violence, enterprise",,,False,,,2016-07-06,Computerized randomization in office.,household (treatment vs. spillover households) and village (treatment/spillover vs. pure control villages),AEARCTR-0000019,2013,,,,,[],2011-05-01,completed,completed,Welfare Effects of Unconditional Cash Transfers,,19,http://www.socialscienceregistry.org/trials/19
"Despite ongoing efforts from both the Government of Uganda and the international donor community, many children in Uganda still are not acquiring literacy skills at a satisfactory level. This project evaluates an innovative new educational paradigm, the Northern Uganda Literacy Project (NULP), which currently focuses on P1 to P3 (first- to third-grade) students, employing a mother-tongue-first instructional approach and extensive teacher support and training. Using a randomized controlled trial this study measures the effects of the NULP on learning outcomes. We study 128 schools, which were randomly assigned to either the full NULP, a half-program that includes the materials from the NULP but where the training is provided through government-employed coordinating centre tutors (CCTs), or a control group. Outcomes are to be measured principally in terms of improvements in Early Grade Reading Assessment (EGRA) and Early Grade Writing Assessment (EGWA) scores. The results of this study will be used to further improve the NULP, helping to maximize both its academic benefits and cost-effectiveness; we also conduct classroom observations (using rubrics and/or videos), surveys of teachers and surveys of parents in order to capture additional outcomes. The trial was revised to account for a substantial expansion in its length and scope. The original study followed 38 schools for one year, 2013, focusing solely on P1. In the expanded study, we follow 128 schools (including the first 38) for up to five years, 2013 to 2017, following students from P1 all the way up to P3. We have an additional sample of 30 pure control schools originally sampled that we plan on collecting outcomes near the end of the study. This study will also include a longitudinal subsample of students from the evaluation, followed from grade one in 2014, to ~age 18 in 2024, and ~age 21 in 2027. The study will examine the long-term effects of improved literacy on subsequent educational, holistic skills, and life outcomes. We will further study how these impacts vary across students, providing critical evidence on how early reading impacts transition to adulthood.","November 20, 2013; January 16, 2015; February 22, 2022",,358155430c4d95d0f7254e0ccb2bba13cf652f88,"[""Private""]",,,10.1257/rct.21-6.0,2027-12-31,"Our experiment is an impact evaluation that randomly assigns schools to either receive the complete PLP intervention, partial PLP intervention or to receive the current standard educational serves, serving as a control. A. Site and School Selection Eligible schools will include primary schools from the Lango Sub-region. There are two sets of schools in the study, with slightly different selection criteria – Phase 1 schools and Phase 2 schools. Phase 1 schools were selected in late 2012 for participation in an initial phase of the RCT during the 2013 school year. Phase 2 schools were selected in late 2013 for participation in an expanded phase of the RCT from 2014 to 2016. The Phase 1 schools will also remain in the study through 2016. • The Phase 1 schools had to meet the following criteria to be eligible for the study: • Must be in Aculbanya, Adel, Adyel, Ayer, or Loro coordinating centre (CC) • At least two P1 classes • An early primary (P1 to P3) student-to-teacher ratio of 135 or less during the 2012 school year • P1 classes must have desks • 15 km or less from the CC • A head teacher regarded as “engaged” by the CCT • School must be accessible by road including during the rainy season • Must not currently or previously be involved in Mango Tree’s project activities There were 36 schools that met these criteria. This number was later expanded to 38: two schools were dropped and four more were added by relaxing the distance criterion to 20 km instead of 15. • The Phase 2 schools had to meet the following criteria to be eligible for the study: • Must be in the Lango Sub-region • Must have desks in P1, P2 and P3 classrooms • Must have blackboards in P1, P2 and P3 classrooms • Must have 150 or fewer students per class in each of P1, P2 and P3 classrooms in the 2013 school year There were 120 schools that met these criteria. Of these, 90 were selected (using stratified random selection) to participate in the study. 30 were selected to remain pure control schools for later evaluation of Hawthorne effects, or effects of the resources provided to the CCTs. B. Randomization - Treatment and Control Schools and Classrooms 42 of the 128 schools are randomly assigned as controls, 44 schools as CCT treatment and another 42 schools assigned to the MT treatment. Beyond the data used to select the schools, additional school data – available from district education officers – including location in the Lango sub-region, average performance on previous national exams, the share of female students, and total P1 students, was used for stratified assignment of the treatment. The random assignment of the treatment was stratified across the 128 target schools in order to ensure a similar distribution of school characteristics across the experimental arms. The 128 schools were divided into stratification groups that were as similar as possible; these sets of 3 schools are known as “stratification groups”. These groups were formed by matching schools on a list of school-level factors. • For the Phase 1 schools, the stratification groups were formed by matching schools on CC, total P1 enrollment, and distance to the coordinating center (CC). • For the Phase 2 schools, the stratification groups were formed by matching schools on CC, then on whether they had more than one P1 stream, then on whether they had smaller-than-median class sizes (less than 94.33 students/class from P1 to P3), then on whether they had a higher-than-median PLE pass rate (more than 4.47%), and then on whether they were closer than the median school to the CC (less than 9 km away). Within each stratification group, treatment status was assigned at random at a public meeting of school officials - during December 2012 for the Phase 1 schools and during January 2014 for the Phase 2 schools. For every stratification group three colored tokens, one representing each study arm, were placed into an opaque bag and withdrawn one at a time by a neutral party in full view of all stakeholders. Different color tokens were used to represent the MT treatment, the CCT treatment, and the control group. The three schools were assigned to a specific order, with the first token drawn corresponding to the first school and so forth. Therefore the first token withdrawn determined the study arm assignment of the first school, the second token determined the assignment of the second school, and the third and final remaining token determined the assignment for the third school. This process yielded assignments of schools to study arms. The schools randomly assigned to the MT treatment group receive the full NULP intervention, comprising materials, instructional videos, training by Mango Tree’s expert trainers, and classroom support supervision along with continuous professional development by expert trainers. The classrooms in the CCT treatment schools will receive the teaching and learning materials, including instructional videos. Their teachers will be trained and supported by the CCTs as part of their routine teacher training and support supervision duties. Beginning with the 2014 school year, the control schools also receive a set of wall charts covering topics unrelated to our main outcomes, as a gift to thank them for their participation in the study; we can evaluate any effects of these charts using the 30 pure control schools mentioned above. For all classrooms, we will conduct both baseline and endline exams using the standardized EGRA and EGWA examinations as a measure of literacy competency. The table below shows the components of the NULP received by each study arm as well as the data to be collected from each arm. Wall clocks and slates were randomly allocated among schools in the CCT treatment and control arms. Among these, 20 received slates only, 23 received clocks only, 20 received both, and 23 received none. The control schools are affected both by the CCT training conducted by Mango Tree, and also by the data collection activities themselves. The set of 30 “pure” control schools will help us measure these potential effects. In addition to the school-level randomizations of variants of the program and of materials, we will also randomize the provision, type, and content of report cards at the individual household level. The NULP provides report cards that are quite different from the typical report cards given out by Uganda’s Ministry of Education and Sports. We will randomize whether households in all three study arms receive regular report cards or NULP-style report cards, and also cross-randomize whether the report cards provide additional information on the returns to schooling. C. Selection and Assignment of Teachers • For the Phase 1 schools, the NULP intervention involved asking the head teacher for the school to choose the two best early primary teachers in the school and assign them to the two P1 classrooms. Typically these are the highest skilled teachers in the school who are in good health and are very committed to their work. In order to make each evaluation group equivalent, this was done in each of the 38 study schools for 2013. Head teachers agreed to assign the two best teachers to P1 classrooms, and to submit the names of those teachers at the stakeholder meeting prior to the public random assignment of the intervention. Baseline surveys of all teachers were conducted prior to the beginning of the school year. In addition, information on teacher attendance and performance was collected during random checks over the course of the school year. Compliance with this procedure was very high, and the data collection team noted all deviations from the pre-assignment of teachers to classrooms. • For the Phase 2 schools, head teachers were asked to nominate teachers prior to learning their school’s treatment status by whatever process they normally use, and then provide their names to Mango Tree prior to the lottery that was done to determine which schools are assigned to which study arm. D. Assignment of Students to Classrooms One potential concern with the presence of two P1-P3 classrooms in each school is that the effect of an individual teacher may be hard to separate from that of the overall program. In particular, students may attempt to switch into the classroom with the stronger teacher, exaggerating the NULP’s effects. To mitigate this issue, students in schools with two (or more) classrooms will be randomly assigned to one of the two classrooms by the school’s head teacher. This will prevent any potential confounding from classroom-switching. It also helps ensure that the classroom assignments are fair, with each student having an equal chance of being paired with each teacher. This is particularly important in situations where more than two P1-P3 classrooms exist at a school. This randomization will happen during two school years: 2013 and 2016. In 2013, the random assignment was conducted by using specialized enrollment rosters for the P1 classes in all 38 Phase 1 schools. Mango Tree staff carried pre-printed rosters with spaces for each students’ name and other details, along with an assignment to stream A or stream B. The assignments were generated at random using the runiform() function in Stata 11 SE. The head teachers were instructed to copy over the student names onto these rosters in order from their own records, and use the listed assignment for each student. Any late-enrolling students were added in the order they arrived. This process was validated by Mango Tree staff field visits, and a copy of each roster was collected and used to select students for examinations. We aim to follow the same procedure in 2016, for all 128 schools in the MT program, CCT program, and control groups, as long as the school has more than one classroom.","We will track a subsample of students for a long-run longitudinal followup. These students were selected based on three characteristics that are exogenous to treatment status, preserving an internally valid randomized experiment. First, we exclude stratification cells that are in Lira Town, since these cells had high attrition rates in earlier rounds. Second, we follow only students from our initial sample, and not the top-up sample (which had higher attrition). Third, we follow only students who had been previously sampled for household surveys, because we collected more information that we can use for tracking them. (We do not restrict the sample to students actually found for the household surveys). We will conduct one long-run followup in 2021-22, a second in 2025, and a third in 2027.",[],2013-11-20,True,True,,,2016-12-02,2013-02-04,"Name: University of Michigan Institutional Review Board - Health Sciences and Behavioral Sciences Approval_number: HUM00070458 Approval_date: 2012-12-03 Name: School of Biomedical Sciences Research and Ethics Committee, Makerere University Approval_number: SBS 063 Approval_date: 2013-03-15 Name: Baylor University Institutional Review Board Approval_number: 1925177 Approval_date: 2022-08-24",[],"[""[\""education\""]""]",2024-09-25,Please see the separate Power Calculations document under Supporting Documents & Materials.,,42.0,,158.0,1,,84000.0,6,[],jason kerwin jkerwin uw edu,"[""eric wang esw uw edu university of washington"", ""jason kerwin jkerwin uw edu"", ""jeff smith econjeff ssc wisc edu university of wisconsin"", ""julie buhl-wiggers jubu eco cbs dk copenhagen business school"", ""rebecca thornton rebecca thornton baylor edu baylor university"", ""ricardo montero de la piedra monte umn edu university of minnesota""]",Jason Kerwin jkerwin@uw.edu,"[""Jason Kerwin jkerwin@uw.edu"", ""Julie Buhl-Wiggers (jubu.eco@cbs.dk) Copenhagen Business School"", ""Jeff Smith (econjeff@ssc.wisc.edu) University of Wisconsin"", ""Rebecca Thornton (Rebecca_Thornton@baylor.edu) Baylor University"", ""Ricardo Montero de la Piedra (monte290@umn.edu) University of Minnesota"", ""Eric Wang (esw34@uw.edu) University of Washington""]",,,"Test scores, functional literacy and numeracy, holistic skills, attendance, classroom observations, teacher/parent/child attitudes and behavior toward schooling, administrative records from schools (enrollment, marks, attendance)",,,False,,,2024-09-25,"Public lottery, stratified on baseline school attributes including geography.",School,AEARCTR-0000021,2013,,,,"Long-run educational attainment, labor market outcomes, broader life outcomes such as fertility, marriage, migration, happiness, and well-being",[],2013-02-04,on_going,on_going,Evaluating the Effect of the Northern Uganda Literacy Project on Literacy and Academic Achievement,,21,http://www.socialscienceregistry.org/trials/21
"The Paris School of Economics proposed a project to the Haut-Commissariat aux Solidarités Actives (French Minister for Active Solidarity against Poverty) to evaluate the impact of one of Adie’s programs, CréaJeunes. The “Association pour le droit à l’initiative économique” (Adie), is an NGO that aids people in creating their own business. The program is designed to encourage and support young people employment and entrepreneurship, particularly in poorer neighborhoods. The start of this new program is a unique opportunity to put in place a system that will allow us to rigorously measure its impact. Indeed, the impact of existing programs designed to augment business creation in France have never been evaluated in a rigorous manner and thus evidence is lacking on whether these programs improve youth employment and reduce inequality and exclusion. The study analyzes the impact of the program by taking advantage of a lottery at the time of application to create two identical groups which allows a rigorous evaluation of the impact of the program.",,,b9fed875adbaf6db31ac6ce799e0008df2b9d2e8,"[""Private""]",,,10.1257/rct.23-1.0,2013-11-30,"The random selection will works as follows: Individuals call the CréaJeunes number. The operator will ask questions in order to gauge the individual’s eligibility. There are then two scenarios: • If the individual is not eligible they will be either directed to another service or turned away. • If the individual meets the eligibility requirements for CréaJeunes, the following steps take place: - The individual is informed about the limited number of places available in the program; - The operator will tell them that they will be contacted if he or she is selected for the program - Regardless of the individual’s selection status, they will then be asked whether they agree that their data can be used for a study on CréaJeunes Eligible individuals are then randomly allotted into one of two groups. The targeted demographic is young people in poor neighborhoods in six cities in France: Lille, Saint-Denis, Lyon, Marseille, Toulouse and Bordeaux.",,[],2013-08-26,False,True,Eligible individuals randomly allotted into one of two groups: 1. Treatment group: the operator calls to inform them that their application has been accepted. They are then told to contact the program director. 2. Control group: the individual isn’t contacted again. If the individual contacts an Adie office directly he or she may still be admitted to the program.,,2012-06-30,2009-04-01,Name: Massachusetts Institute of Technology Approval_number: 0810002947 Approval_date: 2008-11-14,[],"[""[\""labor\"""", ""\""youth\"""", ""\""entrepreneurship\"""", ""\""employment\"""", ""\""business creation\""]""]",2013-08-26,,,1000.0,,1500.0,1,,1500.0,4,[],esther duflo eduflo mit edu,"[""bruno cr pon bruno crepon ensae fr centre de recherche en conomie et statistique crest"", ""esther duflo eduflo mit edu"", ""j-pal elise huillery ehuillery povertyactionlab org sciences po"", ""william pariente william pariente uclouvain be universit catholique de louvain""]",Esther Duflo eduflo@mit.edu,"[""Esther Duflo eduflo@mit.edu"", ""Bruno Crépon (bruno.crepon@ensae.fr) Centre de Recherche en Économie et Statistique (CREST)"", ""Elise Huillery (ehuillery@povertyactionlab.org) Sciences Po, J-PAL"", ""William Pariente (william.pariente@uclouvain.be) Université Catholique de Louvain""]",,,"employment, entrepreneurship, business creation, income, consumption, spirit and motivatio",,,False,,,2013-08-26,in office by a computer,individual,AEARCTR-0000023,2013,,,,,[],2008-11-14,on_going,on_going,CréaJeunes - Small Business Training,,23,http://www.socialscienceregistry.org/trials/23
"We study the intersection of two research areas: educational subsidies and migrant remittances. We implement a randomized experiment offering Salvadoran migrants subsidies for education, which are channeled directly to a beneficiary student in El Salvador chosen by the migrant. The subsidies – in the form of matching grants – lead to increases in educational expenditures, higher private school attendance, and lower labor supply of youths in El Salvador households connected to migrant study participants. We find substantial “crowd in” of household educational investments, particularly for female students: for each $1 received by female beneficiary students, educational expenditures on that student increase by close to $5. There is no evidence of shifting of educational expenditures from other students in the household to the target student, and the subsidy has no substantial effect on remittances sent by the migrant.",,,a56ee18e17b0422825829818d48c971d893ea60a,"[""El Salvador (Central America)"", ""United States of America (North America)""]",,,10.1257/rct.24-1.0,2013-01-31,"Recruitment: Subjects will be recruited at two Salvadoran consulates in the DC area. Those meeting the participation criteria will be invited to participate in the baseline survey and give verbal informed consent as described on the survey form. Immediately following the baseline survey, the treatment will be described and offered to the migrant. The El Salvador baseline survey will ask the migrants to choose a student in the correct age range to be entered into a lottery to win a scholarship. Following the baseline survey, those in the treatment groups who express an interest are followed up with by project staff. For those who wish to take-up the project, they can remit funds through Viamericas (a local remittance organization) at any time for a student of their choosing. IPA will conduct an end-line survey with migrants and matching households in El Salvador. These follow-up surveys will gather information on remittances, educational expenditures, relationships, school attendance, and labor force participation.",,[],2013-07-22,False,True,"i. Control Group (Information Only): The control group will not receive any product offer, but will receive information on the importance of education for youth in El Salvador and suggestions on how to maximize assistance provided to students in El Salvador (e.g., channeling funds to students directly, and spreading payments for student support over the school year). ii. Treatment 1 (EduRemesa, no match): Migrants will be offered the ability to pay for a student’s education through FEPADE. The treatment consists of a transfer of a set amount (that varies by student level) that is financed by the migrant and administered by FEPADE. The migrant will identify the student to be financed in El Salvador, and upon receipt of the funds from the migrant and required documents from the student, the student will receive a debit card to which scholarship funds will be deposited on a monthly basis. Only students at the high school or tertiary level are eligible. iii. Treatment 2 (EduRemesa, 1:1 match): Migrants will be offered the EduRemesa product and, additionally, the project will match each dollar sent by the migrant with one project dollar. iv. Treatment 2 (EduRemesa, 3:1 match): Migrants will be offered the EduRemesa product and, additionally, the project will match each dollar sent by the migrant with three project dollars. Grades: In addition to the EduRemesa offer migrants in the three treatment groups were also cross randomized two groups: migrants were also be offered the ability to receive official reports detailing the beneficiary’s grades from FEPADE or not offered the grade service.",,2012-11-30,2011-08-14,Name: Innovations for Poverty Action (IPA) Approval_number: 463.11August-002 Approval_date: 2011-08-14,"[""C93"", ""F22"", ""F24"", ""H24"", ""I22"", ""J15"", ""O15""]","[""[\""education\"""", ""\""finance\"""", ""\""education\"""", ""\""subsidy\"""", ""\""crowd in\"""", ""\""migration\"""", ""\""remittances\"""", ""\""transnational household\"""", ""\""El Salvador\""]""]",2013-07-22,,,360.0,,1000.0,2,,1000.0,3,[],dean yang deanyang umich edu,"[""dean yang deanyang umich edu"", ""diego aycinena diegoaa ufm edu universidad francisco marroqu n"", ""kate ambler ambler umich edu university of michigan""]",Dean Yang deanyang@umich.edu,"[""Dean Yang deanyang@umich.edu"", ""Diego Aycinena (diegoaa@ufm.edu) Universidad Francisco Marroquín"", ""Kate Ambler (ambler@umich.edu) University of Michigan""]",,This study intends to measure the impacts of the educational payment product on the outcomes of students in El Salvador. All outcomes come from EduRemesa administrative data or follow-up data.,"take-up, educational expenditures, school attendance, labor force participation, remittance behaviors",,,False,,,2013-07-22,Randomization done in office on a computer using Stata prior to implementation.,"Day-location of recruitment for treatment/control, and individual for division into three treatment groups",AEARCTR-0000024,2013,,,,,[],2011-08-14,completed,completed,Channeling Remittances toward Human Capital Accumulation in Central America,,24,http://www.socialscienceregistry.org/trials/24
"This research program explores two main questions: (i) Does providing information on incumbent performance to centralized political parties influence candidate selection? and (ii) Do structured debates provide credible information to voters about candidates’ competencies, and if so, does this improve voting returns for better qualified candidates in the short run and public sector performance in the long run? In order to answer these questions, we are working with local partners to execute a series of initiatives during the 2012 Parliamentary and local government elections in Sierra Leone: i) a nonpartisan incumbent performance evaluation campaign; ii) structured, inter-party debates between candidates; and iii) several individual-level treatment arms that unpack the different types of information delivered by the debates. We will use exit polls and official electoral data to assess the impact of these programs on candidate selection, and voter knowledge, engagement and behavior.","November 08, 2013; November 08, 2013; November 08, 2013; June 02, 2014; March 13, 2015",,7c717c768ac34e1272a4f4a639f3c8ba91d58b4f,"[""Sierra Leone (Africa)""]",,,10.1257/rct.26-7.0,2014-06-30,"Part I: Incumbent Scorecards Randomization into treatment (scorecard shared with party officials) and control groups (no scorecard) was stratified by incumbent political party, competitiveness of the constituency and overall performance rank, conducted separately for MPs and Local Councillors. Part II: Debate Screenings We randomly selected 14 of what we estimated to be the 28 most competitive MP constituencies for participation in the debates. Within these constituencies, 112 polling centers were randomly assigned to the debate screening treatment, 40 to the individual-level treatments, and 112 to the control group. Polling center randomization was stratified by number of registered voters and distance to the nearest neighboring polling center. Part III: Individual Screenings Within each polling center assigned to individual-level treatments, we randomly assigned households into the treatment arms above and randomly selected individual participants (based on an earlier household listing) stratified by age and gender.",,"[""Description:"", ""J-PAL"", ""evaluation"", ""summary"", ""Url:"", ""https://www.povertyactionlab.org/node/4547""]",2013-07-23,True,True,"Part I. Incumbent Scorecards In collaboration with Campaign for Good Governance, we compiled scorecards on incumbent Members of Parliament (MP) and Local Councillors that combine objective performance measures with public opinion data. We distributed scorecards for a randomly selected subset of politicians to political party officials in advance of candidate nominations. Part II. Debate Screenings In partnership with Search for Common Ground, we hosted inter-party debates between Parliamentary candidates in 14 randomly selected constituencies. Debates covered a series of national and local policy issues. We took videotapes of the debates on a community ""road show,"" where we screened the debates in a randomly selected sample of polling centers within the targeted constituencies. We estimate that 19,000 people saw the debates. Part III. Individual Screenings To unpack the effects of different types of information delivered by the debates, we implemented the following treatment arms at the individual level in a separate set of polling centers. 1. Debate: Individuals were shown the exact same debate screened in polling centers on a personal handheld device. 2. Getting to Know You: Individuals were shown a “getting to know you” video of the same two candidates speaking informally about their hobbies and interests. 3. Radio Report: Individuals listened to a recording of an independent moderator or journalist summarizing the main policy positions articulated by the two candidates during the debates. 4. Thin Slice Evaluations: Individuals participated in a “lab” experiment where they were exposed to pairs of isolated images, voice recordings, video clips, and names of candidates from other constituencies across the country and asked to rate them along a variety of metrics, such as who they thought would be a better leader. 5. Control group: No media. Some respondents were surveyed before the election, others only after the election.",,2013-12-31,2012-05-01,Name: Massachusetts Institute of Technology COUHES Approval_number: 1108004639 Approval_date: 2011-09-07,[],"[""[\""electoral\"""", ""\""governance\"""", ""\""transparency\"""", ""\""accountability\""]""]",2017-03-06,For Part II: MDE is 7.7 ppt increase in voting across party lines with alpha 0.05 and power 0.80; Part III: same MDE as in II for T versus C as well as continuous outcome MDE of 0.5 point shift on 10 point likeability scale across T arms,,159.0,,224.0,1,,108.0,3,[],katherine casey kecasey stanford edu,"[""innovations for poverty action kelly bidwell kbidwell poverty-action org post-conflict recovery and fragile states initiative"", ""katherine casey kecasey stanford edu"", ""rachel glennerster rglenner mit edu abdul latif jameel poverty action lab""]",Katherine Casey kecasey@stanford.edu,"[""Katherine Casey kecasey@stanford.edu"", ""Rachel Glennerster (rglenner@mit.edu) Abdul Latif Jameel Poverty Action Lab"", ""Kelly Bidwell (kbidwell@poverty-action.org) Post-Conflict Recovery and Fragile States Initiative, Innovations for Poverty Action""]",,,"Part I: Candidate retention on the party symbol; Parts II and III: vote choice (including across ethnic lines), voter knowledge and behavior",,,False,,,2017-03-06,All randomizations were conducted in the office using Stata.,"Part I Scorecards: individual politicians; Part II Debate Screenings: first at the level of constituency, second at the level of polling centers; Part III Individual Screenings: first at the level of polling center, second at the level of individual",AEARCTR-0000026,2013,,,,,[],2011-09-07,completed,completed,The Impact of Voter Knowledge Initiatives in Sierra Leone,,26,http://www.socialscienceregistry.org/trials/26
"While most children in developing countries now receive a primary education, the performance of primary schools is weak, especially for the poor (Banerjee & Duflo, 2011). Part of the problem is that many poor children are neither prepared for nor receive support with schoolwork, and initial gaps in performance are reinforced by a tendency for teachers to focus on “high – performers.” There is very little evidence of effective school-readiness curricula for poor children to combat this issue. If effective curricula could be devised, the achievement gap in mathematics between rich and poor children could be dramatically reduced as learning school mathematics depends on the exercise of numerical and geometric concepts that emerge in infancy and that are equally accessible to children of all cultures (Dehaene et al., 2006) across the socioeconomic spectrum (Gilmore et al., 2010). These early-developing mathematical concepts are greatly enhanced by exercise, which leads to measurable gains in school math performance (Griffin & Case, 1997). This project aims to develop and evaluate a game-based preschool curriculum to enhance children's: (1) core numerical and geometric abilities in relation to the symbol systems of elementary school mathematics; (2) awareness of their own mathematical abilities and of the growth of those abilities with exercise; (3) appreciation of the link between everyday cognition and school-based skills. The ultimate goal is to prepare disadvantaged children – cognitively and motivationally – for success in school. We will evaluate the games together as a curriculum, by introducing them to children in Indian preschools in the framework of a randomized controlled trial (RCT) to assess whether the group of games together produces changes in children's mathematical competence or motivation both at the end of preschool and for at least one year later. To asses the effect of the mathematical games themselves, in contrast to simply playing games in school, we will be introducing ""social games"", which could develop skills that are also by-product of the math games (attention to rules, ability to stay on task, etc) without a focus on mathematics. There are thus 3 groups: control, social games, and math games.","July 21, 2014; January 28, 2015; July 13, 2015; March 25, 2022",false,fe7d199e9b1c16f57bc080fe04b7ec06e344f813,"[""India (Delhi)""]",True,2015-09-01,10.1257/rct.27-10.0,2015-12-31,"We will test the impact of our intervention using a randomized controlled trial. We will form three groups of 70 preschools operating in schools in the slums of Delhi. These preschools are operated by Pratham, our partner, either in premises rented in the community, or inside the government schools (if we use both types of schools, we will stratify the randomization by type of school). (1) In the first group (status quo), Pratham will implement its regular curriculum. (2) In the second group (math games), Pratham will implement its regular curriculum, with the same type of teachers, but three hours per week, the math games assistant will play the math games with the older children, who would be gearing up to attend school that spring (the teacher will be free to play the math games with the younger children as well, so those children may be indirect beneficiaries of the intervention, but they will not be part of the formal study). (3) In the third group (social games), a trained assistant will implement “social games.” Six social games, each equivalent in gameplay and teacher/peer engagement to one math game but lacking in numerical or geometric content, will be introduced to classrooms following the same schedule as the math games. Social games aim to enhance children's pedagogical learning by training basic communicative skills such as evaluating emotions on a face or determining the object of a person's attention. This condition will allow us to distinguish the impact of structured play from the focus on non-symbolic mathematics per se. To minimize halo effects, social and math games will be presented as equally beneficial (as, indeed, they may be).",,"[""Description:"", ""J-PAL"", ""Evaluation"", ""Summary"", ""Url:"", ""https://www.povertyactionlab.org/node/9745""]",2013-10-04,True,True,"The proposed innovation is a battery of games that will be organized in a curriculum and implemented in preschools run by Pratham in Delhi. We will focus on children aged 5 years, and run the games for four months (Nov. 18, 2013 – Mar. 7, 2014), in three weekly one-hour sessions. The ""math games"" will be played in the math games treatment group, and the social games will be played in the social games treatment group. A group of Pratham staff will be specially trained to conduct the games. Our experience from piloting is that working with a group of approximately 10 children for one hour (with two games played for 30 minutes each) keeps children entertained and focused. Four months will be enough to play all the games at progressively higher levels of difficulty. In April, these children will join primary school, where they will be exposed to the traditional curriculum in mathematics.",2014-04-01,2014-04-30,2013-11-01,Name: MIT Committee on the use of Human as Experimental Subjects Approval_number: 1212005420 Approval_date: 2013-01-29,[],"[""[\""education\"""", ""\""Early childhood\"""", ""\""mathematics\"""", ""\""preschool\"""", ""\""number\"""", ""\""geometry\""]""]",2022-03-25,,,70.0,214.0,210.0,1,1540.0,4000.0,4,[],esther duflo eduflo mit edu,"[""elizabeth spelke harvard university"", ""esther duflo eduflo mit edu"", ""moira dillon mdillon fas harvard edu harvard university"", ""rukmini banerji pratham""]",Esther Duflo eduflo@mit.edu,"[""Esther Duflo eduflo@mit.edu"", ""Moira Dillon (mdillon@fas.harvard.edu) Harvard University"", ""Elizabeth Spelke () Harvard University"", ""Rukmini Banerji () Pratham""]",,"Short run: test of mathematical competencies to be performed on computers (adapted from pyschology test); tests of executive functions. Long run: Performance in mathematics will be quantified using test score of students in basic tests of numeracy after they have joined school,","Performance in Mathematics, performance in other subjects",True,https://dataverse.harvard.edu/dataset.xhtml?persistentId=doi:10.7910/DVN/LCLKDT,True,True,https://dataverse.harvard.edu/dataset.xhtml?persistentId=doi:10.7910/DVN/LCLKDT,2022-03-25,Randomization done by a computer program.,Pre-schools,AEARCTR-0000027,2013,"Abstract: Many poor children are underprepared for demanding primary school curricula. Research in cognitive science suggests that school achievement could be improved by preschool pedagogy in which numerate adults engage children’s spontaneous, nonsymbolic mathematical concepts. To test this suggestion, we designed and evaluated a game-based preschool curriculum intended to exercise children’s emerging skills in number and geometry. In a randomized field experiment with 1540 children (average age 4.9 years) in 214 Indian preschools, 4 months of math game play yielded marked and enduring improvement on the exercised intuitive abilities, relative to no-treatment and active control conditions. Math-trained children also showed immediate gains on symbolic mathematical skills but displayed no advantage in subsequent learning of the language and concepts of school mathematics. Citation: Dillon, M. R., Kannan, H., Dean, J. T., Spelke, E. S., & Duflo, E. (2017). Cognitive science in the field: A preschool intervention durably enhances intuitive but not formal mathematics. Science, 357(6346), 47-55. URL: http://science.sciencemag.org/content/357/6346/47",,,,[],2013-10-14,completed,completed,Does Non-symbolic Math Practice in Young Children Improve Symbolic Mathematics Ability in Later Life?,"72 control, 71 math treatment, and 71 social treatment",27,http://www.socialscienceregistry.org/trials/27
"The Oregon Health Insurance Experiment is a randomized evaluation of the effect of expanding access to Medicaid. In 2008, the state of Oregon drew names by lottery for its Medicaid program for low-income, uninsured adults. This ongoing study represents a collaborative effort between researchers and the state of Oregon to use this opportunity to learn about the impact of Medicaid on a variety of outcomes including health care use, health outcomes, financial strain, and well-being of low income adults.","November 08, 2013; November 08, 2013; November 08, 2013; April 30, 2014; November 21, 2014; December 15, 2014; July 15, 2015; September 24, 2015; April 05, 2019; April 21, 2020",,75feba8e40499e9ac95007e42adf52802868bb11,"[""United States of America (North America)""]",False,,10.1257/rct.28-12.1,2013-12-31,"In early 2008, Oregon opened a waiting list for its Medicaid program for low-income adults that had previously been closed to new enrollment. Approximately 90,000 people signed up for the available 10,000 openings. The state drew names from this waiting list by lottery to fill the openings. Persons who were selected won the opportunity — for themselves and any household member — to apply for Oregon Health Plan Standard and were sent an application. Those who sent back their application and met eligibility requirements were enrolled in Oregon Health Plan Standard. This random selection allows researchers to gauge the causal effects of Medicaid. The study compiles rich data from many sources to examine a wide range of potential effects of insurance. Data include mail surveys, in-person interviews and health exams, and administrative data such as hospital records.",,"[""Description:"", ""Study"", ""Website"", ""Url:"", ""http://www.nber.org/oregon/""]",2013-07-17,True,True,"Treatment group: 29,834 people and 24,912 households selected in the lottery (the lottery winners) Control group: 45,088 and 41,473 households not selected (the control group). Adults randomly selected in the lottery were given the option to apply for Medicaid (specifically Oregon Health Plan Standard).Oregon Health Plan Standard provides comprehensive medical benefits, including prescription drugs, with no patient cost-sharing and low monthly premiums ($0 to $20, based on income), mostly through managed-care organizations.",2013-12-31,2013-12-31,2008-03-10,Name: Massachusetts Institute of Technology Approval_number: 0804002701 Approval_date: 2008-04-22 Name: HSPH Approval_number: OHRA P17925 Approval_date: 2008-10-05 Name: Providence: mail survey Approval_number: 08-64A Approval_date: 2008-04-22 Name: Providence: admin and in-person Approval_number: 09-26A Approval_date: 2009-03-09 Name: NBER Approval_number: FWA 3692 Approval_date: 2008-06-10 Name: Portland State University Approval_number: HSRRC 08501 Approval_date: 2008-04-16,[],"[""[\""health\"""", ""\""health insurance\"""", ""\""Medicaid\""]""]",2020-04-21,,,29834.0,,66385.0,1,,74922.0,3,[],amy finkelstein afink mit edu,"[""amy finkelstein afink mit edu"", ""kate baicker kbaicker hsph harvard edu harvard"", ""sarah taubman staub nber org national bureau of economic research""]",Amy Finkelstein afink@mit.edu,"[""Amy Finkelstein afink@mit.edu"", ""Kate Baicker (KBAICKER@hsph.harvard.edu) Harvard"", ""Sarah Taubman (staub@nber.org) National Bureau of Economic Research""]",,,"health care use, health, financial strain",True,http://www.nber.org/oregon/data.html,False,True,http://www.nber.org/oregon/data.html,2020-04-21,"In 2008, the state of Oregon drew names by lottery. Randomization was done on state computer.",Household,AEARCTR-0000028,2013,"Abstract: In 2008, Oregon initiated a limited expansion of a Medicaid program for uninsured, low-income adults, drawing names from a waiting list by lottery. This lottery created a rare opportunity to study the effects of Medicaid coverage using a randomized controlled design. Using the randomization provided by the lottery and emergency department records from Portland-area hospitals, we study the emergency department use of about 25,000 lottery participants over approximately 18 months after the lottery. We find that Medicaid coverage significantly increases overall emergency use by 0.41 visits per person, or 40 percent relative to an average of 1.02 visits per person in the control group. We find increases in emergency department visits across a broad range of types of visits, conditions, and subgroups, including increases in visits for conditions that may be most readily treatable in primary care settings. Citation: Sarah Taubman, Heidi Allen, Bill Wright, Katherine Baicker, Amy Finkelstein, and the Oregon Health Study Group, ""Medicaid Increases Emergency Department Use: Evidence from Oregon's Health Insurance Experiment"", Science, 2014 Jan 17; 343(6168): 263-268. URL: http://www.sciencemag.org/content/343/6168/263.full.pdf?keytype=ref&siteid=sci&ijkey=GoMYHyTTSQ4.Q Abstract: In 2008, a group of uninsured low-income adults in Oregon was selected by lottery for the chance to apply for Medicaid. We use this randomized design and 2009 administrative data to evaluate the effect of Medicaid on labor market outcomes and participation in other social safety net programs. We find no significant effect of Medicaid on employment or earnings: our 95 percent confidence intervals allow us to reject that Medicaid causes a decline in employment of more than 4.4 percentage points, or an increase of more than 1.2 percentage points. We find that Medicaid increases receipt of food stamps, but has little, if any, impact on receipt of other government benefits, including SSDI. Citation: Baicker, Katherine, Amy Finkelstein, Jae Song, and Sarah Taubman, ""The Impact of Medicaid on Labor Force Activity and Program Participation: Evidence from the Oregon Health Insurance Experiment"", NBER Working Paper 19547, October 2013. URL: http://www.nber.org/oregon/files/oregon_hie_LF_WP.pdf Abstract: Despite imminent expansion of Medicaid to low-income adults, the effects of expanding coverage are unclear. Oregon’s 2008 Medicaid expansion using lottery drawings from a waiting list provides an opportunity to evaluate the effects of Medicaid using random assignment. Approximately two years after the lottery, we collected data from 6,387 adults randomly selected to be able to apply for Medicaid coverage and 5,842 not selected. Measures included blood pressure, cholesterol and glycosylated hemoglobin; a depression screen; medication catalogs; and self-reported diagnoses, health, health care utilization and out-of-pocket spending. We use the lottery’s random assignment to calculate the effect of Medicaid coverage.We found no statistically significant effect of Medicaid on the prevalence, diagnosis, or medication of hypertension or high cholesterol. Medicaid coverage significantly increased the diagnosis of diabetes and use of diabetes medication, but we observed no significant effect on average glycosylated hemoglobin levels nor on the percent with levels >6.5%. Medicaid coverage decreased the probability of screening positive for depression (-9.15 percentage points; 95% CI: -16.70 to -1.60; P=0.018), increased use of preventive services, and almost eliminated catastrophic out-of-pocket medical expenditures. Thus, evidence using a randomized controlled design showed that Medicaid coverage generated no statistically significant improvements in measured physical health outcomes in the first two years, but did generate increased health care use, higher rates of diabetes detection and management, lower rates of depression, and lower financial strain. Citation: Katherine Baicker, Sarah Taubman, Heidi Allen, Mira Bernstein, Jonathan Gruber, Joseph P. Newhouse, Eric Schneider, Bill Wright, Alan Zaslavsky, Amy Finkelstein, and the Oregon Health Study Group, ""The Oregon Experiment – Effects of Medicaid on Clinical Outcomes"" New England Journal of Medicine, 2013 May; 368(18): 1713-1722. URL: http://www.nejm.org/doi/full/10.1056/NEJMsa1212321 Abstract: In 2008, a group of uninsured low-income adults in Oregon was selected by lottery to be given the chance to apply for Medicaid. This lottery provides an opportunity to gauge the effects of expanding access to public health insurance on the health care use, financial strain, and health of low-income adults using a randomized controlled design. In the year after random assignment, the treatment group selected by the lottery was about 25 percentage points more likely to have insurance than the control group that was not selected. We find that in this first year, the treatment group had substantively and statistically significantly higher health care utilization (including primary and preventive care as well as hospitalizations), lower out-of-pocket medical expenditures and medical debt (including fewer bills sent to collection), and better self-reported physical and mental health than the control group. Citation: Amy Finkelstein, Sarah Taubman, Bill Wright, Mira Bernstein, Jonathan Gruber, Joseph P. Newhouse, Heidi Allen, Katherine Baicker, and the Oregon Health Study Group, ""The Oregon Health Insurance Experiment: Evidence from the First Year"" Quarterly Journal of Economics, 2012 Aug; 127(3): 1057-1106. URL: http://qje.oxfordjournals.org/content/127/3/1057",,,,[],2008-03-10,completed,completed,The Oregon Health Insurance Experiment,,28,http://www.socialscienceregistry.org/trials/28
"The rural healthcare market in much of the developing world, and especially in South Asia, is composed largely of informal private providers. These private providers often have little to no certifiable medical training. Recent studies, using medical vignettes (or hypothetical medical situations) to measure clinical competence and direct observations of doctor-patient interactions to measure clinical practice, highlight the deplorably low standards in rural healthcare. To address such standards, the Liver Foundation in Kolkata, West Bengal over the last two years has been working with private rural health care providers through capacity building activities to improve quality in the private sector. The program consists of multiple-week training to private rural health care providers on the basis of a well-developed curriculum in the district of Birbhum, West Bengal. This study aims to assess the impact of this training program using a randomized evaluation. We employ medical vignettes, provider diaries, direct observation, and standardized patients to assess how such a training program can effect clinical competence, practice, caseload and case types, and fee structures in the short run. It is worth noting that this study will not be able to capture long run effects, such as general equilibrium price or location changes, on health care for the rural poor.",,,203d767baaa21060765d99c228a46d8c7777b6e1,"[""Private""]",,,10.1257/rct.34-1.0,2014-04-01,"The experimental design involves an RCT with two arms: the control arm in which providers are left alone and the treatment arm in which providers are offered training classes on basic clinical knowledge and competence. We run a baseline prior to randomization, randomize, have our partner organization (Liver Foundation) administer the treatment (training program), run a midline survey involving provider diaries, and run an endline survey three months after the completion of the training program.",,[],2013-09-09,False,True,,,2013-12-10,2012-10-10,Name: Massachusetts Institute of Technology (MIT) IRB Approval_number: 1209005234 Approval_date: 2013-01-24,[],"[""[\""education\"""", ""\""health\"""", ""\""Rural healthcare\"""", ""\""training program\"""", ""\""clinical competence\""]""]",2013-09-09,,,150.0,,300.0,1,,300.0,3,[],reshmaan hussam reshma hussam gmail com,"[""abhijit banerjee banerjee mit edu mit and jameel poverty action lab"", ""jishnu das jdas worldbank org world bank"", ""reshmaan hussam reshma hussam gmail com""]",Reshmaan Hussam reshma.hussam@gmail.com,"[""Reshmaan Hussam reshma.hussam@gmail.com"", ""Abhijit Banerjee (banerjee@mit.edu) MIT and Jameel Poverty Action Lab"", ""Jishnu Das (jdas1@worldbank.org) World Bank""]",,,"Clinical knowledge/competence, clinical practice, caseload, patient and medicine fees",,,False,,,2013-09-09,Randomization was done in the office through a computer program.,Individual (provider),AEARCTR-0000034,2013,,,,,[],2012-09-01,on_going,on_going,Improving the Quality of Private Sector Health Care in West Bengal,,34,http://www.socialscienceregistry.org/trials/34
"The “Schooling Income and Health Risk” (SIHR) project is a randomized evaluation of a conditional/unconditional cash transfer intervention targeting young women in Malawi that provided incentives (in the form of school fees and cash transfers) to current schoolgirls and recent dropouts to stay in or return to school. The program, known as the Zomba Cash Transfer Program (ZCTP), took place in Zomba, Malawi during 2008 and 2009. The evaluation began with baseline data collection in late 2007, with the most recent round of data collection (Round 4) taking place in 2012-2013. The SIHR study includes four rounds of interviews with over 3,500 young women. The data collection effort includes household surveys, individual quantitative and qualitative interviews, academic assessments, Voluntary Counseling and Testing, school surveys, market surveys, community surveys, and health facility assessments. The SIHR project was specifically designed to answer a number of important questions about cash transfer programs for which we had little prior evidence. First, almost all that we know about the impacts of these programs come from Latin America, where income levels are much higher and institutional capacity is vastly superior compared with many poor countries in Sub-Saharan Africa (SSA). Second, the evidence base to effectively choose program design parameters (such as conditionality, transfer size, and the specific identity of the program beneficiary within households) is severely limited. Third, evidence on final outcomes, such as learning, labor market outcomes, and HIV risk is lacking. Finally, long term evaluations of cash transfer programs are rare – mainly because the control groups in these evaluations are treated after a short period of time.","November 08, 2013",,0c8b6c65eac5a48507b4b28e692b174c1c708203,"[""Malawi ()""]",,,10.1257/rct.36-3.0,2014-12-30,"Between October 2007 and January 2008, baseline surveys were conducted with 3,796 girls in 176 Enumeration Areas (EAs) in Zomba district of Malawi. These girls were selected based on information collected during a listing exercise, which involved going door to door to all households in these 176 EAs. This listing exercise identified all never-married, 13-22 year old females living in the area. We sampled all dropouts and 75-100% of current school girls, where the percentage sampled depended on the age of the girl. Out of the 3,796 girls sampled in 176 EAs, 1,225 girls in 88 treatment EAs were sampled to receive cash transfers. From December 2007 through January 2008 offers were made to all these girls and, except for a few girls who turned out to be ineligible, close to 100% accepted. The offer consisted of a household transfer and a transfer directly to the girl, as well as full payment of school fees for girls in secondary school. The household amount was randomly varied across EAs from $4/month to $10/month, with all recipients in a given EA receiving the same amount. To determine the individual transfer amount, girls participated in a lottery where they picked bottle caps out of an envelope to win an amount between $1/month and $5/month. We randomly assigned half of the 176 EAs to receive the intervention (treatment), and the rest serve as the control group. Within each treatment community, all never-married 13-22 year-old recent dropouts who are eligible to return to primary or secondary school are identified and always treated (with conditional cash transfers). We denote this core treatment group as T1. The same universe of would-be-eligible girls was identified in control communities, denoted by C1. Our second group of eligible girls are never married 13-22 year old school girls who are eligible to return to Standard 7-Form 4. We randomly assigned treatment communities into three categories: those where school girls receive transfers conditional on school attendance (T2.a), those where school girls receive unconditional transfers (T2.b), and finally those where no school girls receive any cash transfers (S2). In addition, within T2.a and T2.b communities, a randomly selected subset of school girls receives no transfers. The sample of untreated school girls in treatment villages, i.e. in T2.a, T2.b, and S2 only, will allow us to identify any spillover effects of the program. This same universe of would-be-eligible school girls are also identified in the control communities, denoted by C2. Within treatment communities, we provide monthly cash transfers separately to the school girl and her parents/guardians as described above, and randomly vary the amount transferred to the parents/guardians across EAs, and the amount transferred to the girls within each EA.",,[],2013-08-06,True,False,,,2009-12-30,2008-01-01,,[],"[""[\""education\"""", ""\""health\"""", ""\""Gender\""]""]",2018-05-17,,,88.0,,176.0,1,,3796.0,4,[],sarah baird sarah baird otago ac nz,"[""berk ozler berk ozler otago ac nz university of otago world bank"", ""ephraim chirwa echirwa yahoo com university of malawi"", ""san diego craig mcintosh ctmcintosh ucsd edu university of california"", ""sarah baird sarah baird otago ac nz""]",Sarah Baird sarah.baird@otago.ac.nz,"[""Sarah Baird sarah.baird@otago.ac.nz"", ""Ephraim Chirwa (echirwa@yahoo.com) University of Malawi"", ""Berk Ozler (berk.ozler@otago.ac.nz) University of Otago/World Bank"", ""Craig McIntosh (ctmcintosh@ucsd.edu) University of California, San Diego""]",,Details in pre-analysis plan,Details in pre-analysis plan,,,False,,,2018-05-17,Randomization of the treatment status of the cluster was done in office by a computer; as was the household amount. Individual amounts were done by public lottery,"Cluster for treatment status (Conditional, Unconditional, Control), as well as % treated. Individual level for amount.",AEARCTR-0000036,2013,,,,,[],2007-10-01,completed,completed,Schooling Income and Health Risk in Malawi,,36,http://www.socialscienceregistry.org/trials/36
"The primary goals of this study are: (1) to measure the effect of access to finance on willingness to pay (WTP) for sanitary latrines among residents of rural Cambodia; (2) to determine whether this effect is particularly important for the poor. The design is a cluster-randomized trial: from a sample of 30 representative villages (1,383 households, stratified by IDPoor status) of Kampong Thom province, 15 villages were assigned to a financing arm, while 15 villages were controls. Residents in both treatments were offered an opportunity to purchase a low-cost, sanitary latrine. Residents of financing villages were offered a 12-month loan, while residents of control villages were required to pay cash on delivery. The sale was conducted using the Becker-DeGroot-Marschak mechanism, allowing direct observation of WTP.","November 08, 2013",,482d03e782e1c34f95669dbb28fac404fe674f3a,"[""Cambodia ()""]",,,10.1257/rct.37-2.0,2014-01-31,See Pre-Analysis Plan.,See Pre-Analysis Plan.,[],2013-07-30,True,True,See Pre-Analysis Plan.,,2013-03-31,2013-01-01,"Name: National Ethics Committee for Health Research, Ministry of Health, Kingdom of Cambodia Approval_number: None. Approval_date: 2012-04-12","[""D14"", ""G21"", ""H23"", ""I15"", ""O13"", ""O16"", ""Q56""]","[""[\""environment_and_energy\"""", ""\""finance\"""", ""\""health\"""", ""\""Sanitation\"""", ""\""Becker-DeGroot-Marschak mechanism\""]""]",2017-02-08,,,15.0,,30.0,1,,1400.0,3,[],raymond guiteras rpguiter ncsu edu,"[""ariel benyishay a benyishay unsw edu au university of new south wales"", ""raymond guiteras rpguiter ncsu edu"", ""university of maryland giordano palloni palloni econ umd edu dept of economics""]",Raymond Guiteras rpguiter@ncsu.edu,"[""Raymond Guiteras rpguiter@ncsu.edu"", ""Ariel BenYishay (a.benyishay@unsw.edu.au) University of New South Wales"", ""Giordano Palloni (palloni@econ.umd.edu) Dept. of Economics, University of Maryland""]",,See Pre-Analysis Plan.,"Willingness to pay for sanitary latrines, by IDPoor and non-IDPoor status; latrine coverage at various prices / subsidy amounts, by IDPoor and non-IDPoor status",,,False,,,2017-02-08,Randomization in office on Stata.,Village,AEARCTR-0000037,2013,"Abstract: Low willingness to pay (WTP) for environmental quality in developing countries is a key research question in environmental economics. One explanation is that missing credit markets may suppress WTP for environmental improvements that require large up-front investments. We test the impact of microloans on WTP for hygienic latrines via a randomized controlled trial in 30 villages in rural Cambodia. We find that microcredit dramatically raises WTP for improved latrines, with 60% of households in the Financing arm willing to purchase at an unsubsidized price, relative to 25% in the Non-financing arm. Effects on latrine installation are positive but muted by several factors, including a negative peer effect: randomly induced purchases by neighbors reduce a household's probability of installing its own latrine. On methodological grounds, this paper shows that a “decision-focused evaluation” can be integrated into academic analysis to provide insight into questions of general interest. Citation: Ariel Ben Yishay, Andrew Fraker, Raymond Guiteras, Giordano Palloni, Neil Buddy Shah, Stuart Shirrell, Paul Wang, ""Microcredit and willingness to pay for environmental quality: Evidence from a randomized-controlled trial of finance for sanitation in rural Cambodia,"" Journal of Environmental Economics and Management, 2017. ISSN 0095-0696; doi:10.1016/j.jeem.2016.11.004. URL: http://dx.doi.org/10.1016/j.jeem.2016.11.004",,,,[],2013-01-01,completed,completed,The Impact of Finance on Willingness to Pay for Low-Cost Latrines in Rural Cambodia: Evidence from a Randomized-Controlled Trial,,37,http://www.socialscienceregistry.org/trials/37
"The Annual Status of Education Report (ASER), 2012 reports that less then 47% of students enrolled in class 5 can read a class 2 level text. The situation with respect to mathematics is worse with less than 25% of students in class 5 being able to solve simple questions on division. Alarmingly, this situation has been worsening across most states in India over time; the corresponding figures in 2007 were 59% and 42%. A variety of ""interventions"" have been devised and tested to improve educational outcomes in India. A series of rigorous impact evaluations of Pratham’s (India's leading NGO in the sphere of education) work over the past decade have consistently found two effects: first, that volunteers make a difference in learning outcomes of children; and second, that learning gains in basic skills are greater and faster if children are taught based on their learning ability rather than by grade. Based on previous evidence from RCTs and Pratham's accumulated field experience from across India, intensive short burst ""learning camps"" with a duration of 10 to 20 days have emerged as a promising strategy since late 2011. The environment of the camp is different from normal teaching - more fun and participatory. In India, the idea of a ""learning camp"" is a new one. The potential of a learning camp to achieve several objectives is high, as it provides a dynamic demonstration of how visibly learning can change in a short period of time. Thus the learning camp has the chance of being a ""game changer"" as people, parents and teachers can see in front of their eyes and in their own village that change is possible without a huge amount of resources. The proposed project is for one school year. The aim is to test several models of learning camps on scale- to understand the optimal duration, periodicity, intensity and follow up that is needed to accelerate basic reading and arithmetic for primary school children and to sustain and build on these learning gains over time. The overall aim is to ensure that all children in Grade 3, 4 and 5 in the intervention schools are reading fluently and confidently doing basic arithmetic at the end of one school year.",,,4917570ecfae332d478ba63a361d3d5c79803bf8,"[""Private""]",,,10.1257/rct.39-1.0,2016-11-01,The evaluation of different interventions will be conducted in the form of randomized control trials where equal number of participating villages (444 villages) will be randomly assigned to any one of the following groups: 1. Receiving a 10 day Learning Camp four times in a school year; 2. Receiving a 20 day Learning Camp twice in a school year; 3. Receiving only materials for reading periodically in a school year; 4. Control group which is not exposed to any of these treatments; The random assignment will follow a stratified design where villages in each of the administrative blocks in the study will be divided into clusters of 12 each. The villages in each cluster will equally divided and assigned to any of the 4 above mentioned groups on a random basis.,,[],2013-08-12,False,True,The Learning camps project will be implemented across 2 districts - Sitapur and Unnao in the northern Indian state of Uttar Pradesh. 2 blocks from each district will be the areas in which these camps will be run - Hilouli and Ashoha in Unnao and Sakaran and Biswan in Sitapur. 444 villages from these areas will be randomly chosen to receive 1. A 10 day Learning Camp four times in a school year 2. A 20 day Learning Camp twice in a school year 3. Materials for reading periodically in a school year 4. Control group which is not exposed to any of these treatments The camps would be run in government primary schools (pending permissions) or elsewhere in the village.,,2014-03-31,2013-09-01,Name: MIT Approval_number: 1305005701 Approval_date: 2013-06-20,[],"[""[\""education\""]""]",2013-08-12,,,111.0,,483.0,1,,30000.0,4,[],harini kannan harini kannan ifmr ac in,"[""abhijit banerjee banerjee mit edu mit"", ""harini kannan harini kannan ifmr ac in"", ""harini kannan harini kannan ifmr ac in jpal south asia"", ""rukmini banerji rukmini banerji pratham org pratham""]",Harini Kannan harini.kannan@ifmr.ac.in,"[""Harini Kannan harini.kannan@ifmr.ac.in"", ""Abhijit Banerjee (banerjee@mit.edu) MIT"", ""Harini Kannan (harini.kannan@ifmr.ac.in) JPAL South Asia"", ""Rukmini Banerji (rukmini.banerji@pratham.org) Pratham""]",,,Student test scores on language and math (learning outcomes),,,True,,,2013-08-12,Randomization will be done in office using statistical program in Stata.,Village,AEARCTR-0000039,2013,,,,,[],2013-07-01,on_going,on_going,Using Learning Camps to Improve Basic Learning Outcomes of Primary School Children,,39,http://www.socialscienceregistry.org/trials/39
"India has an extensive network of Primary Health Centers that provide essential medical care to the very poor. However, despite the large budgetary allocations made to the public health care system, the quality of care remains low, as do health outcomes. One key reason for this is the high level of absenteeism amount the medical staff (see Duflo, Hanna, and Ryan, 2010 for a discussion of absenteeism among government workers in India). The State of Government of Karnataka (GoK), India, proposes to tackle this issue through the use of technology via a pilot project in five districts of the state. In the pilot, the Multi Function Devices (MFDs) will be used to (a) digitally capture the thumb impressions of health staff to monitor attendance, (b) capture beneficiary photograph and signature electronically to ensure only the genuine patients receive the benefits, and (c) transmit information on local disease and health patterns in real time to state health authorities to enable effective response to emerging local health threats. This technology will be coupled with a system of incentives to encourage improvements in staff attendance, reduce leakages, and ensure prompt action on emerging local health threats. The government has asked for a randomized evaluation of the study. 322 PHCs will be in the study. The government will run their intervention as they normally would, in roughly half of the PHCs (140). They will pay for the costs of the intervention. The evaluation design, data collection effort and analysis is led by JPAL researchers.",,,ef2033a6fca44696b14a4b338f5c7811e663e2df,"[""Private""]",,,10.1257/rct.40-1.0,2014-05-30,"The evaluation of the digital attendance and public service delivery through primary health centers will be randomized control trials, where about half the PHCs will receive the intervention while the rest will comprise control. The random assignment is stratified at the sub-district (taluk/block) level.",,[],2013-08-20,False,True,"The Government of Karnataka will pilot the use of Multi Function Devices (MFDs) in government primary health centers (PHCs). The Multi Function Devices (MFDs) will be used to (a) digitally capture the thumb impressions of health staff to monitor attendance, (b) capture beneficiary photograph and signature electronically to ensure only the genuine patients receive the benefits, and (c) transmit information on local disease and health patterns in real time to state health authorities to enable effective response to emerging local health threats. They will fund and run the intervention as they normally would. They have decided to randomly select which PHCs will initially have the program in the first year, and then if successful, they plan to scale the program across Karnataka the following year.",,2013-03-31,2011-06-20,Name: MIT Approval_number: 1005003887 Approval_date: 2010-06-01 Name: Harvard Approval_number: F19257-104 Approval_date: 2010-06-01,[],"[""[\""governance\"""", ""\""health\""]""]",2013-08-20,,,140.0,,322.0,1,,5000.0,3,[],rema hanna remahanna gmail com,"[""iqbal dhaliwal iqbald mit edu jpal"", ""rema hanna rema hanna ksg harvard edu harvard"", ""rema hanna remahanna gmail com""]",Rema Hanna remahanna@gmail.com,"[""Rema Hanna remahanna@gmail.com"", ""Rema Hanna (rema_hanna@ksg.harvard.edu) Harvard"", ""Iqbal Dhaliwal (iqbald@mit.edu) JPAL""]",,,"staff attendance based on random checks, punctuality, delivery of health benefits",,,False,,,2013-08-20,The randomization was done in office by running a program in Stata,PHC,AEARCTR-0000040,2013,,,,,[],2010-06-01,on_going,on_going,"Assessing the Functioning of the Primary Health Centers in Karnataka, India",,40,http://www.socialscienceregistry.org/trials/40
"Growing populations of unemployed youth in post-conflict countries represent both an opportunity to develop and enhance the economy as well as a potential source of instability. Despite high levels of investment in youth development programs in recent years, little evidence exists on which interventions are most effective in increasing economic opportunities for youth and reducing their risk of participating in violence and risky behaviors. Using a randomized evaluation design, this study aims to evaluate two such programs: Sports for Change (SfC), a program that provides life-skills training and psychosocial support through sports groups, and Cash for Work programs (CfW). The evaluation focuses on outcomes of the program can plausibly change over the course of a year, such as stress levels (measured using biometric data), risk preferences, labor outcomes, tests for aggression, and self-reported risky behaviors. Social network mapping will also be used to provide a rich perspective of linkages and ties of Liberian youth within and outside of their traditional communities.",,,64afb56030d1c077702a880fb0c4bf2255255c27,"[""Private""]",,,10.1257/rct.43-3.0,2016-01-31,"Randomization will be stratified on gender of applicant to ensure equal access for women and men. Logistically, randomization will be completed via public lottery in each community. Women and men will draw a ticket from separate urns. The ticket assigns them to a group for the program and study. Applicants will be informed there are two opportunities, Sports for Change and Cash for Work, and that some people will receive only sports for change, others will receive only cash for work, others will receive both, and others people will receive neither. We anticipate recruiting 3,000 youth in approximately 10 communities:600 youth in SfC only, 600 youth in CfW only, 600 youth in both SfC and CfW, and 1200 youth in control group. Quantitative data will be collected via a panel survey. Following the public lottery, a baseline and social network survey of all subjects will be conducted. A midline follow-up survey will be conducted 1-2 months after the completion of the PROSPECTS program in each community. An additional round of follow-up surveying will occur 12 months after the baseline survey.",,[],2013-10-23,False,True,"The PROSPECTS program involves two complementary interventions: Sports for Change (SFC) Sports for Change, implemented by Mercy Corps, will provide youth with life skills training and psychosocial support. This training will entail the following six curriculum modules: identity; making a living; good governance; peace and conflict; environment; and healthy living. The knowledge and skills gained are expected to enable participants to make positive life decisions regarding the livelihoods, health, and actions as citizens. Mentors will be recruited to be the lead SFC trainers. These mentors will train coaches who are recruited from within the selected communities. SFC groups will be groups of 40 youth, all of whom are expected to attend weekly sessions of the group. Sports groups will meet 2 times per week for 6-8 weeks. Each meeting will consist of approximately 2 hours of sports and 1-hour of psychosocial training. The SFC groups will meet for a total of 6 to 8 weeks. Coaches will take attendance at each meeting. At each meeting, a new topic will be covered from the designated life skills and psychosocial training modules. During the meetings, youth will be encouraged to play soccer and kickball. All attendees will be provided with a small stipend and lunch. All SFC payments will be made by mobile money payments to the SIM provided at application. Cash for Work (CFW) Based Recycling Competition CFW will be organized after Mercy Corps has completed the Sports for Change program for a given community. The Liberian Agency for Community Empowerment (LACE), with support from Mercy Corps, will oversee the implementation of the Cash for Work program in each community. At the first meeting of CFW groups, Compost Liberia will conduct and orientation and training workshop for recyclable collection. Following the orientation workshop, 15-day Recycling Competitions will be managed by LACE and Mercy Corps. The basic incentive design in the Recycling Competition is: People receive a $2 minimum daily flat incentive for collecting at least a certain amount of recyclables. There are two additional competitions present in Cash for Work: daily competitions, where the top 5 performers on any individual day receive a prize, and a full 15-day competition where the top 10 performers receive a prize.",,2014-12-31,2013-10-28,Name: University of Liberia Approval_number: IOR0004203 Approval_date: 2013-08-08 Name: Northwestern University Approval_number: STU00083035 Approval_date: 2013-10-07 Name: Innovations for Poverty Action Approval_number: 13July-006 Approval_date: 2013-07-23,[],"[""[\""labor\"""", ""\""post-conflict\"""", ""\""Social Networks\"""", ""\""Psychosocial Support\""]""]",2015-12-25,"we can detect an effect of 0.16 standard deviations with 80% power for the main outcomes (employment, income, cortisol)",0.16,600.0,,0.0,1,,3000.0,3,[],niall keleher nkeleher berkeley edu,"[""jeremy magruder jmagruder berkeley edu uc-berkeley"", ""lori beaman l-beaman northwestern edu northwestern university"", ""niall keleher nkeleher berkeley edu""]",Niall Keleher nkeleher@berkeley.edu,"[""Niall Keleher nkeleher@berkeley.edu"", ""Jeremy Magruder (jmagruder@berkeley.edu) UC-Berkeley"", ""Lori Beaman (l-beaman@northwestern.edu) Northwestern University""]",,,"Employment, Income, Psychosocial Measures",,,True,,,2015-12-25,Public lottery,Individual,AEARCTR-0000043,2013,,,,,[],2013-07-29,on_going,on_going,Evaluating the Impact of Psychosocial Support and Cash for Work,,43,http://www.socialscienceregistry.org/trials/43
"We designed a commitment savings product for a Philippine bank and implemented it using a randomized control methodology. The savings product was intended for individuals who want to commit now to restrict access to their savings, and who were sophisticated enough to engage in such a mechanism. We conducted a baseline survey on 1777 existing or former clients of a bank. One month later, we offered the commitment product to a randomly chosen subset of 710 clients; 202 (28.4%) accepted the offer and opened the account. In the baseline survey, we asked hypothetical time discounting questions. Women who exhibited a lower discount rate for future relative to current trade-offs, and hence potentially have a preference for commitment, were indeed significantly more likely to open the commitment savings account. After twelve months, average savings balances increased by 81 percentage points for those clients assigned to the treatment group relative to those assigned to the control group. We conclude that the savings response represents a lasting change in savings, and not merely a short-term response to a new product.",,,032c64d15d27a7fcdbb125364d5d5441f361129e,"[""Philippines (Southeast Asia)""]",True,2004-08-01,10.1257/rct.45-3.0,2007-12-01,"The sample for the field experiment consisted of 4001 adult Green Bank clients who had a savings account in one of two bank branches in the great Butuan City area, and who had identifiable addresses. These individuals were randomly assigned to three groups: commitment-treatment (T), marketing-treatment (M), and control (C) group. One-half of the sample was randomly assigned to T, and a quarter of the same each were randomly assigned to groups M and C. A second randomization was conducted to select clients to interview for the baseline household survey.",,"[""Description:"", ""J-PAL"", ""Evaluation"", ""Summary"", ""Url:"", ""https://www.povertyactionlab.org/node/1109/""]",2013-09-16,False,True,"The Green Bank of Caraga, along with researchers, designed and implemented a commitment savings product called a SEED (Save, Earn, Enjoy Deposits) account. The SEED account provided individuals with a commitment to restrict access to their savings, thus potentially helping with either self-control or family-control issues. Each individual defined either a goal date or amount, and was subsequently unable to withdraw from the account until the goal was reached. Other than providing a possible commitment savings device, no further benefit accrued to individuals with this account: the interest rate paid on the SEED account was identical to the interest paid on a normal savings account (4 percent per annum). Researchers trained a team of marketers hired by the partnering bank to visit the homes or businesses of existing bank clients in the commitment-treatment group, to stress the importance of savings to them. This process included eliciting the clients’ motivations for savings, and emphasizing to the client that even small amounts of saving make a difference; marketers then offered them the SEED product. Another group of individuals (the marketing-treatment group) received the exact same marketing script, but were not expressly offered the SEED product.",2004-08-01,2004-08-01,2003-08-01,"Name: Princeton University (note date may be off) Approval_number: prior university, not in my records Approval_date: 2003-06-01",[],"[""[\""finance\"""", ""\""Commitment Devices\"""", ""\""Financial Capability\"""", ""\""Savings\"""", ""\""Global Financial Inclusion\""]""]",2016-08-04,,,1777.0,,1771.0,1,,1777.0,3,[],dean karlan karlan northwestern edu,"[""dean karlan karlan northwestern edu"", ""nava ashraf nashraf hbs edu harvard business school"", ""wesley yin wyin bu edu boston university""]",Dean Karlan karlan@northwestern.edu,"[""Dean Karlan karlan@northwestern.edu"", ""Nava Ashraf (nashraf@hbs.edu) Harvard Business School"", ""Wesley Yin (wyin@bu.edu) Boston University""]",,"for the main paper, see: http://karlan.yale.edu/p/SEED.pdf for women empowerment: see World Development paper, or working paper here: http://karlan.yale.edu/p/Female_Empowerment_v15.pdf","savings balances, household decisionmaking power, household expenditures (see two papers from the project, in QJE and World Development)",True,https://dataverse.harvard.edu/dataset.xhtml?persistentId=doi:10.7910/DVN/27854,False,True,https://dataverse.harvard.edu/dataset.xhtml?persistentId=doi:10.7910/DVN/27854,2016-08-04,randomization done in office by a computer,individual,AEARCTR-0000045,2013,"Abstract: We designed a commitment savings product for a Philippine bank and implemented it using a randomized control methodology. The savings product was intended for individuals who want to commit now to restrict access to their savings, and who were sophisticated enough to engage in such a mechanism. We conducted a baseline survey on 1777 existing or former clients of a bank. One month later, we offered the commitment product to a randomly chosen subset of 710 clients; 202 (28.4 percent) accepted the offer and opened the account. In the baseline survey, we asked hypothetical time discounting questions. Women who exhibited a lower discount rate for future relative to current trade-offs, and hence potentially have a preference for commitment, were indeed significantly more likely to open the commitment savings account. Mter twelve months, average savings balances increased by 81 percentage points for those clients assigned to the treatment group relative to those assigned to the control group. We conclude that the savings response represents a lasting change in savings, and not merely a short-term response to a new product. Citation: Ashraf, Nava, Dean Karlan, and Wesley Yin. 2006. ""Tying Odysseus to the Mast: Evidence from a Commitment Savings Product in the Philippines."" The Quarterly Journal of Economics 121(2): 635-72. URL: http://qje.oxfordjournals.org/content/121/2/635.short",,,,[],2003-06-01,completed,completed,Commitment Savings Products in the Philippines,,45,http://www.socialscienceregistry.org/trials/45
"The Ultra Poor Graduation Pilot in Ethiopia is a part of the CGAP/Ford Foundation global initiative, currently being implemented in eight countries, that combines safety net programs with entrepreneurial activities to develop a graduation model for the poorest households. In 2010, we conducted a baseline survey on 1000 ultra-poor households in 10 villages in Tigray, Ethiopia. The households were identified by a community level Food Security Task Force. Public lotteries were held in each village in order to randomly select 500 households (50 per village) to receive the intervention. The treatment households received an intensive support package including: livelihood trainings, productive asset transfer, consumption support, savings plans, and healthcare. By investing in this multifaceted approach, the program strives to eliminate the need for long-term safety net services. Two follow-up surveys were conducted in July 2012 and 2013.",,,7844e654937e037d61103c5ae402dc18fb0fb449,"[""Ethiopia (Sub-Saharan Africa)""]",,,10.1257/rct.46-1.0,2013-08-31,The sample for the Ultra Poor Graduation Pilot in Ethiopia consisted of 1000 households (100 per village) who were selected by the community level Food Security Task Force as the poorest households. Households within each village were randomly assigned to a treatment or control group through a public lottery process.,,[],2013-09-16,False,True,"The Ultra Poor Graduation Pilot in Ethiopia provides 500 treatment households with a comprehensive support package. The households receive consumption support for 6 months per year, which is transferred through the government run Productive Safety Net Program. Once households’ food consumption stabilizes, they receive individual savings accounts at DECSI, a microfinance institution operating in the region, as well as business training. Later on, participants receive a livelihood asset chosen from a preselected list of options: raising small ruminants, cattle fattening, petty trade or beekeeping, to help jump start a new economic activity. Participants are monitored throughout the process – they receive home visits to help boost confidence and build expertise, and are provided with access to social and health services.",,2012-04-30,2010-06-01,Name: Yale University Institutional Review Board Approval_number: 1002006308 Approval_date: 2010-02-15 Name: Innovations for Poverty Action IRB Approval_number: 09December-003 Approval_date: 2009-12-15,[],"[""[\""finance\"""", ""\""labor\"""", ""\""welfare\"""", ""\""Asset transfers\"""", ""\""Training\"""", ""\""Ultra Poor\""]""]",2013-09-16,,,500.0,,1000.0,1,,1000.0,2,[],dean karlan karlan northwestern edu,"[""dean karlan karlan northwestern edu"", ""nathanael goldberg ngoldberg poverty-action org innovations for poverty action""]",Dean Karlan karlan@northwestern.edu,"[""Dean Karlan karlan@northwestern.edu"", ""Nathanael Goldberg (ngoldberg@poverty-action.org) Innovations for Poverty Action""]",,,"Consumption, income, extreme poverty ($1.25PPP), assets, time use, financial behavior (savings, borrowing), school attendance of children, health, food security, happiness",,,False,,,2013-09-16,Public lottery- separate lottery for each village,Household,AEARCTR-0000046,2013,,,,,[],2010-03-01,completed,completed,Ultra Poor Graduation Pilot in Ethiopia,,46,http://www.socialscienceregistry.org/trials/46
"One popular policy approach to curbing deforestation is payments for ecosystem services (PES), where participants receive payments if they comply with a set of conditions that are protective of the environment, such as refraining from cutting down trees on their land. It is important to evaluate this and other types of emissions reduction interventions in order to determine the most cost-effective way of reducing carbon emissions. This project is based in the districts of Hoima and Kibaale, which are in the equatorial zone of western Uganda and have some of the highest deforestation rates in the country. The goal of this study is to estimate the effect of payments to landowners for forest conservation on landowners’ social and economic welfare and the ecological integrity of the forest by randomly assigning 136 villages to either receive the PES program or act as the comparison group.",,false,f63ec8fa014b5ea8ed7c10c219bf817f2612d986,"[""Uganda (Africa)""]",True,2013-11-20,10.1257/rct.47-6.0,2015-12-31,"One hundred and thirty-six villages in the Hoima and Kibaale districts of Uganda were randomly assigned to either the treatment or the comparison group. Households in both treatment and control groups received a baseline questionnaire prior to the PES program being implemented. Additionally, pre-intervention high-resolution QuickBird satellite images were taken of the study area. Boundaries of land parcels were demarcated with handheld GPS units and netbook computers and linked to the remote-sensing images to create images of and measures of the forest cover on each household’s land. Endline data collection, including both a household survey and Quickbird satellite images, will be conducted after the intervention has been implemented for two years.",,"[""Description:"", ""J-PAL"", ""Policy"", ""Brief"", ""Url:"", ""http://www.povertyactionlab.org/evaluation/testing-effectiveness-payments-ecosystem-services-enhance-conservation-uganda""]",2013-08-30,False,True,"In the treatment villages, Chimpanzee Sanctuary and Wildlife Conservation Trust (CSWCT) staff members offered an incentive contract to each household that owned forest land, under which they will receive annual payments if they meet certain terms. Landowners are required to refrain from cutting trees on their land (with some exceptions built into the contract) and also to re-forest a portion of their land. CSWCT employees monitor compliance with the contract by conducting random spot checks in the forest to look for newly cleared patches of forest or fresh tree stumps and to assess if new trees have been planted.",2014-02-11,2014-01-31,2011-06-01,Name: Northwestern University Institutional Review Board Approval_number: STU00055401 Approval_date: 2011-12-16 Name: Stanford University Research Compliance Office Approval_number: 19468 Approval_date: 2010-07-23,[],"[""[\""environment_and_energy\"""", ""\""conservation\"""", ""\""deforestation\"""", ""\""conditional cash transfer\""]""]",2017-06-01,,,65.0,121.0,136.0,1,1174.0,1333.0,4,[],seema jayachandran seema jayachandran gmail com,"[""charlotte stanton stantonc stanford edu stanford university"", ""eric lambin elambin stanford edu stanford university"", ""joost de laat jdelaat worldbank org world bank"", ""seema jayachandran seema jayachandran gmail com""]",Seema Jayachandran seema.jayachandran@gmail.com,"[""Seema Jayachandran seema.jayachandran@gmail.com"", ""Eric Lambin (elambin@stanford.edu) Stanford University"", ""Charlotte Stanton (stantonc@stanford.edu) Stanford University"", ""Joost de Laat (jdelaat@worldbank.org) World Bank""]",,Forest density and the area of intact forest will be constructed from satellite images. Other outcomes will be collected via household surveys.,"amount of intact forest, forest density, tree-cutting and tree-planting behavior, economic and social well-being",,,False,,,2017-06-01,"In each subcounty, public lotteries were conducted to select which of two stratified groups of villages received the PES program.",village,AEARCTR-0000047,2013,Abstract: Citation: URL: http://www.nber.org/papers/w22378,,,,[],2011-03-01,completed,completed,Testing the Effectiveness of Payments for Ecosystem Services to Reduce Deforestation in Uganda,564 treatment forest owners in 60 villages; 535 control group forest owners in 61 villages,47,http://www.socialscienceregistry.org/trials/47
"The Ultra Poor Graduation Pilot in Pakistan is a part of the CGAP/Ford Foundation global initiative, currently being implemented in eight countries, that combines safety net programs with entrepreneurial activities to develop a graduation model for the poorest households. In September 2008, we conducted a baseline survey on 1,200 ultra-poor households in 65 villages in the coastal area of Sindh. Public lotteries were held in order to randomly select 600 households to receive the intervention. The treatment households received an intensive support package including: livelihood trainings, productive asset transfer, consumption support, savings plans, and healthcare. By investing in this multifaceted approach, the program strives to eliminate the need for long-term safety net services. A short consumption survey was carried out in September 2010, followed by a midline survey in September 2011 and an endline survey in February 2013.",,,607519d972a451d3c61689f6900f9863e836c169,"[""Private""]",,,10.1257/rct.48-1.0,2014-01-31,"Eligible households for the Ultra Poor Graduation Pilot in Pakistan were identified using a Participatory Wealth Ranking (PWR), a method that engages villagers in creating an economic ranking of all households in a community. After the economic status of eligible families was verified, households were randomly assigned to either a treatment or comparison group.",,[],2013-09-25,False,True,"The Ultra Poor Graduation Pilot in Pakistan provided 600 treatment households in 65 villages of the coastal area of Sindh with a comprehensive support package. The households received a monthly stipend of Rs. 1000 ($12 US) for the first year to stabilize consumption. Next, households chose an asset and began livelihood training. Examples of livelihood activities include embroidery, raising livestock, fishing, and carpentry. Beneficiaries were also encouraged to save. Lady Health Visitors worked with some of the partners to provide health services to participating households.",,2011-01-31,2008-12-01,Name: Yale University Institutional Review Board Approval_number: 0705002656 Approval_date: 2007-11-05,[],"[""[\""finance\"""", ""\""Asset transfers\"""", ""\""Training\"""", ""\""Ultra Poor\"""", ""\""Safety net\""]""]",2013-09-25,,,600.0,,1200.0,1,,1200.0,2,[],dean karlan karlan northwestern edu,"[""dean karlan karlan northwestern edu"", ""william pariente william pariente uclouvain be universit catholique de louvain""]",Dean Karlan karlan@northwestern.edu,"[""Dean Karlan karlan@northwestern.edu"", ""William Pariente (william.pariente@uclouvain.be) Université Catholique de Louvain""]",,,"Income, assets, consumption, school attendance of children, health and food security",,,False,,,2013-09-25,Public lottery,Household,AEARCTR-0000048,2013,,,,,[],2008-09-01,on_going,on_going,Ultra Poor Graduation Pilot in Pakistan,,48,http://www.socialscienceregistry.org/trials/48
"The Ultra Poor Graduation Pilot in Honduras is a part of the CGAP/Ford Foundation global initiative, currently being implemented in eight countries, that combines safety net programs with entrepreneurial activities to develop a graduation model for the poorest households. The model incorporates a comprehensive package of services delivered over two years: a productive asset (such as chickens or goats), consumption support, livelihood trainings, healthcare, and financial services. By investing in this multifaceted approach, the program strives to eliminate the need for long-term safety net services. A baseline survey was conducted for 2,400 households in October 2008, followed by the intervention. Two follow-up surveys were conducted in March-May 2012 and March-May 2013.",,,148fd1e04462afe4ee86d05db4a4bdaad10e47bd,"[""Honduras (Latin America)""]",,,10.1257/rct.58-1.0,2013-05-31,"IPA's partner organization for the Ultra Poor Graduation Pilot in Honduras, Plan/ODEF, works in 124 communities in the Lempira department. Out of the 124, eighty communities were selected to be a part of the pilot project. Plan/ODEF carried out participatory wealth rankings (PWR) in all 80 selected communities in order to identify the poorest households in each of the communities. During the PWR, villagers rated the economic status of all members of the community. Those households earning less than 600 Lempiras (approx. $30 US) per month were considered to be Ultra Poor. The randomization of households into treatment and control consisted of two steps. First, half of the 80 villages were randomly selected to be control villages. None of the households in these control villages received any of the pilot project services. In the 40 treatment villages, we further randomized at the household level. Within each treatment village, half of the eligible households were randomly selected as treatment households. Those eligible households not chosen for treatment comprised the control households. Comparing the control households in the treatment villages with those in the pure comparison villages will allow the study to measure spillover effects. In the treatment households, the female heads of households were required to open a savings account at ODEF and were randomly assigned to one of two savings treatments. One savings group was incentivized with savings matching biannually equal to 50 percent of the average account balance while the second group received monthly direct savings transfers. Both of these treatment groups received savings incentives valued at 400 Lempiras (about $20 US).",,[],2013-09-25,False,True,"The Ultra Poor Graduation Pilot in Honduras provides 800 treatment households in 40 treatment villages with a comprehensive support package. The households receive consumption support, in the form of a family garden, and training in one of two income generating activities: raising livestock (chicken or pigs) and crop (bananas or vegetables) production, or operating a pulperia (small grocery store). Participants are monitored throughout the process. Female heads of households are required to open a savings account at ODEF and are randomly assigned to one of two savings treatments. One savings group is incentivized with savings matching biannually equal to 50 percent of the average account balance while the second group receives monthly direct savings transfers. Both of these treatment groups receive savings incentives valued at 400 Lempiras (about $20 US).",,2011-12-31,2009-10-01,Name: Massachusetts Institute of Technology Approval_number: 0701002099 Approval_date: 2007-04-02 Name: Yale University Institutional Review Board Approval_number: 0705002656 Approval_date: 2007-05-11,[],"[""[\""finance\"""", ""\""asset transfer\"""", ""\""credit\"""", ""\""livelihood\"""", ""\""savings\"""", ""\""ultra-poor\""]""]",2013-09-25,,,800.0,,80.0,1,,2400.0,3,[],dean karlan karlan northwestern edu,"[""bram thuysbaert bthuysbaert poverty-action org yale university"", ""dean karlan karlan northwestern edu"", ""innovations for poverty action ipa""]",Dean Karlan karlan@northwestern.edu,"[""Dean Karlan karlan@northwestern.edu"", ""Bram Thuysbaert (bthuysbaert@poverty-action.org) Yale University"", ""Innovations for Poverty Action (IPA)""]",,,"Income, assets, consumption, school attendance of children, health and food security",,,False,,,2013-09-25,Randomizaton was done in the office. We used a rerandomization procedure to ensure balance on a number of village-level (first step) and household-level variables (second step). The first-step randomization was stratified by municipio.,"villages, then within the treatment villages, control households and treatment households",AEARCTR-0000058,2013,,,,,[],2008-10-01,completed,completed,Ultra-Poor Graduation Pilot in Honduras,,58,http://www.socialscienceregistry.org/trials/58
"Small businesses are widely believed to serve as engines for innovation, employment and social mobility. Yet, data suggest that very few small and medium enterprises (SMEs) in low-income countries grow into larger businesses. Because SME owners often have limited human capital and lack management experience (Bruhn et al. 2012, Bloom et al. 2010, Drexler et al. 2011), many governments and development agencies invest in technical assistance programs aimed at training and mentoring entrepreneurs and helping SMEs to develop expansion strategies. However, little rigorous research exists on if and why these types of training programs are effective and whether they can be designed more efficiently to enable transformational entrepreneurship and poverty alleviation. This evaluation assesses the impact of TechnoServe’s Women Mean Business program, which provides business skills training and mentoring to women entrepreneurs in Central Uganda. In addition to analyzing the direct impact of the training on recipient SMEs, we also examine the overall welfare effects on the community – a perspective that is needed to inform policymaking about SMEs but which is missing from most existing evaluations. A clustered randomization design enables us to capture spillovers from the training on non-participating businesses, such as stealing customers from competitors or sharing information with collaborators. A series of consumer-focused interviews will allow us to explore a new approach that moves beyond firm outcomes to look at the broader welfare effect on the community, tracking changes in price, quality, variety, and service that may benefit or harm consumers. Finally, the study will provide insight into aspects of program design, such as which types of entrepreneurs and businesses benefit the most from managerial training, which may help to target future programs more effectively. This evaluation will expand our understanding of how SMEs in low-income countries operate and how improved business operations affect the broader community.",,,21ac88035c72a2f81368e9109e9aae7cff7ddaa4,"[""Private""]",,,10.1257/rct.59-1.0,2016-01-31,"Applicants to the WMB program who met basic eligibility criteria (for example, sex of business owner and years in operation) were randomly assigned to either the training (treatment) group or a comparison group that received no business skills training.",,[],2013-12-17,False,True,"TechnoServe’s Women Mean Business (WMB) program provides business skills training to women entrepreneurs in Central Uganda. TechnoServe Uganda introduced the WMB program in 2008 to provide managerial training to women business owners in Kampala, Entebbe, Mukono and Jinja. An expansion of the WMB program was implemented in August 2012, enabling TechnoServe to provide business skills training to approximately 800 businesswomen. The training consists of classroom sessions covering topics such as cash flow and financial management, sales and marketing, and human resources management; sector-specific training sessions and field trips with other women entrepreneurs operating in the same sector; and one-on-one work with a coach (a local business school student who works with the entrepreneur to develop a business plan) and a mentor (a local business consultant) over the course of six months. The intended outcomes of the WMB program for participating entrepreneurs are: 1) improved business management as a result of increased knowledge of business practices and confidence to effectively operate their businesses, and 2) improved access to formal financial services and other business development services.",,2013-11-30,2012-08-08,Name: Innovations for Poverty Action IRB Approval_number: 12April-001 Approval_date: 2012-04-17 Name: Yale University Human Subjects Committee Approval_number: 1204010138 Approval_date: 2012-05-09,[],"[""[\""finance\"""", ""\""Small and medium enterprises\"""", ""\""entrepreneurship\""]""]",2013-12-17,,,806.0,,133.0,1,,1297.0,3,[],dean karlan karlan northwestern edu,"[""dean karlan karlan northwestern edu"", ""greg fischer g fischer lse ac uk london school of economics and political science"", ""meredith startz meredith startz yale edu yale university""]",Dean Karlan karlan@northwestern.edu,"[""Dean Karlan karlan@northwestern.edu"", ""Meredith Startz (meredith.startz@yale.edu) Yale University"", ""Greg Fischer (G.Fischer@lse.ac.uk) London School of Economics and Political Science""]",,,"Revenues, profits, number of employees, recordkeeping, confidence and attitude of business owner",,,False,,,2013-12-17,In office by computer,"Unit of randomization is the firm, with likelihood of assignment to treatment or control varying by cluster (geographic ward).",AEARCTR-0000059,2013,,,,,[],2012-06-01,on_going,on_going,Returns to Consulting for Women Entrepreneurs,,59,http://www.socialscienceregistry.org/trials/59
"The Ultra Poor Graduation Pilot in Peru is a part of the CGAP/Ford Foundation global initiative, currently being implemented in eight countries, that combines safety net programs with entrepreneurial activities to develop a graduation model for the poorest households. In 2009, we conducted a baseline survey for 2,400 ultra-poor households in the Canas and Acomayo provinces in the Department of Cusco, Peru. Eight hundred households were randomly selected in 40 treatment communities (on average 20 households per community) to receive the intervention. The treatment households received an intensive support package including: livelihood trainings, productive asset transfer, consumption support, healthcare, and financial services. By investing in this multifaceted approach, the program strives to eliminate the need for long-term safety net services. Two follow-up surveys are conducted in July-September 2013 and July-September 2014.",,,e2786ccb553f748a3ee5e4a409f2c07f7ddfb343,"[""Private""]",,,10.1257/rct.61-1.0,2014-10-31,"The project was conducted in 80 communities in the provinces of Canas and Acomayo. The impact evaluation was designed to measure both direct effects and indirect effects (spillover effects). Eligible households in the two provinces were identified using Participatory Wealth Rankings (PWR). Two thousand, four hundred households were identified using this process. The randomization of households into treatment and control consisted of two steps. First, half of the 80 communities were randomly selected to be control communities. None of the households in these control communities received any of the pilot project services. In the 40 treatment communities, we further randomized at the household level. Twenty households per village were randomly selected as treatment households. Those eligible households not chosen for treatment comprised the control households. Comparing the control households in the treatment villages with those in the pure comparison villages will allow the study to measure spillover effects.",,[],2013-09-25,False,True,"The Ultra Poor Graduation Pilot in Peru provides 800 hundred treatment households in Canas and Acomayo provinces in the Department of Cusco, Peru, with a comprehensive support package over a two year period. This included: 9 months of consumption support (in cash), a productive asset, access to a savings account and a series of group and individual training sessions in areas relevant to their productive assets and themes related to microfinance, entrepreneurship and social improvement for a period of 24 months. During this time period, beneficiaries were also paid weekly monitoring visits. At the end of the 24 month period, every household had the option to request a loan from Arariwa to move forward with its new livelihood strategy. Some households in these provinces were already receiving consumption support through an ongoing project, Juntos. The Ultra Poor Graduation project provided a nine-month cash stipend equivalent to US$35 to those not already receiving it from Juntos.",,2013-05-31,2010-11-01,Name: Yale University Institutional Review Board Approval_number: 1006007026 Approval_date: 2010-07-07 Name: Innovations for Poverty Action IRB - USA Approval_number: 59.10June-002 Approval_date: 2010-06-21,[],"[""[\""finance\"""", ""\""Asset transfers\"""", ""\""Training\"""", ""\""Ultra Poor\"""", ""\""Safety net\"""", ""\""Savings\""]""]",2013-09-25,,,800.0,,80.0,1,,2400.0,3,[],dean karlan karlan northwestern edu,"[""bram thuysbaert bthuysbaert poverty-action org yale university"", ""dean karlan karlan northwestern edu"", ""innovations for poverty action ipa""]",Dean Karlan karlan@northwestern.edu,"[""Dean Karlan karlan@northwestern.edu"", ""Bram Thuysbaert (bthuysbaert@poverty-action.org) Yale University"", ""Innovations for Poverty Action (IPA)""]",,,"Income, assets, consumption, savings, school attendance of children, health and food security",,,False,,,2013-09-25,The randomization was conducted in the office by computer. A rerandomization procedure was used to ensure balance on a number of village- and household-level variables.,"Communities, then within the treatment communities, control households and treatment households",AEARCTR-0000061,2013,,,,,[],2010-07-01,on_going,on_going,Ultra-Poor Graduation Pilot in Peru,,61,http://www.socialscienceregistry.org/trials/61
"We construct a simple model of preventive health behavior under present-biased time preferences, and show how beliefs about future time preferences (sophistication, partial naivete, and perfect naivete) affect how agents are predicted to use, under-use or misuse different types of commitment contracts. We propose a type of commitment contract that has the potential to benefit not just sophisticated present biased agents, but also naifs. We conduct a field experiment focused on increasing the share of patients who actively manage their hypertension by visiting a doctor periodically. The experiment is closely tied to the theory, allowing us to estimate key parameters of the model.",,false,0c835b53b03d8083633a5b84f2dd27c9fa7e07ca,"[""India (Punjab)""]",True,2013-07-31,10.1257/rct.62-3.0,2014-06-30,"The sample selection and randomization works as follows. Since “Hypertension Days” are targeted towards patients with high blood pressure, our study sample consists of individuals above the age of 30 who are either diagnosed with or at risk of hypertension. We follow widely accepted medical guidelines and define hypertensive patients as those with systolic blood pressure above 140 or diastolic blood pressure above 90. To identify hypertensive individuals, a team of enumerators first screened all members of a particular household by measuring their blood pressure using an automatic blood pressure measurement device. If the systolic or diastolic blood pressure reading is above the thresholds previously described, the enumerator immediately invites the individual to participate in the study and to complete the baseline survey. In the event that more than one household member has hypertension, the member with the highest stage of hypertension (stage 1 or stage 2), is selected to take part in the study. Finally, in the event that more than one household member has the same hypertension stage, the member with the highest systolic blood pressure reading is selected to take part in the study. During the same household visit in which the baseline survey is administered, the respondent was offered a commitment contract or price discount coupons to visit the weekly “Hypertension Day” in their village for 3 times in 6 months, as described in the intervention section above. Note that before commencing the study, we conducted a census in all villages in our sample and collected data on household characteristics. We used this census data to randomize all households in the village prior to the enumerators’ visit.",,[],2013-10-04,False,True,"Individuals either diagnosed with or at risk of hypertension were offered commitment contracts or price discount coupons to visit the weekly health clinic called “Hypertension Days” in their village for 3 times in 6 months. Specifically, individuals were randomly assigned into one of the following groups: (1) fixed (standard) commitment contracts without discount, (2) fixed (standard) commitment contracts with discount, (3) flexible (self-designed) commitment contracts without discount, (4) flexible (self-designed) commitment contracts with discount, (5) 50% discount coupons, (6) control group. A fixed (standard) commitment contract works as follows. Should the respondent decide to sign up, she would be required to pay in advance for all 3 doctor visits (Rs. 90 or Rs. 30 per visit). She would also be asked to pay an additional commitment amount of Rs. 45, which she receives back in equal installments of Rs. 15 each time she visits the doctor. In other words, the respondent pays a total of Rs. 135 up front, and receives Rs. 15 on each of 3 visits. A flexible (self-designed) commitment contract works similarly, but the respondent would be able to choose the commitment amount beginning with Rs. 0. As above, the respondent receives this committed amount back in 3 equal installments every time she visits the doctor.",2013-06-30,2013-05-31,2012-08-01,"Name: Committee for Protection of Human Subjects (CPHS), UC Berkeley Approval_number: CPHS: 2011-09-3655 Approval_date: 2012-01-04 Name: Institute for Financial Management and Research (IFMR) Approval_number: IRB00007107; FWA00014616; IORG0005894 Approval_date: 2011-11-14",[],"[""[\""health\"""", ""\""Preventive Health\"""", ""\""Commitment Contracts\"""", ""\""Structural Estimation\""]""]",2023-11-16,,,294.0,1725.0,,1,1512.0,1728.0,4,[],liang bai liangbai gmail com,"[""benjamin handel handel berkeley edu university of california at berkeley"", ""edward miguel emiguel berkeley edu university of california at berkeley"", ""gautam rao grao fas harvard edu harvard university"", ""liang bai liangbai gmail com""]",Liang Bai liangbai83@gmail.com,"[""Liang Bai liangbai83@gmail.com"", ""Gautam Rao (grao@fas.harvard.edu) Harvard University"", ""Edward Miguel (emiguel@berkeley.edu) University of California at Berkeley"", ""Benjamin Handel (handel@berkeley.edu) University of California at Berkeley""]",,,"Primary outcomes: commitment contract take-up; attendance at “Hypertension Days”; blood pressure: Secondary outcomes: diet profile; health status, behavior, knowledge and perceptions; health measurements (body weight, waist circumference, BMI)",True,https://doi.org/10.7910/DVN/MKRCFU,False,True,https://doi.org/10.7910/DVN/MKRCFU,2023-11-16,The randomization was conducted in our field office using a computer random number generator.,Individual,AEARCTR-0000062,2013,"Abstract: Self-control problems constitute a potential explanation for the underinvestment in preventive health in low-income countries. Behavioral economics offers a tool to solve such problems: commitment devices. We conduct a field experiment to evaluate the effectiveness of different types of theoretically motivated commitment contracts in increasing preventive doctor visits by hypertensive patients in rural India. Despite achieving high take-up of such contracts in some treatment arms, we find no effects on actual doctor visits or individual health outcomes. A substantial number of individuals pay for commitment but fail to follow through on the doctor visit, losing money without experiencing health benefits. We develop and structurally estimate a prespecified model of consumer behavior under present bias with varying levels of naiveté. The results are consistent with a large share of individuals being partially naive about their own self-control problems: sophisticated enough to demand some commitment but overly optimistic about whether a given level of commitment is sufficiently strong to be effective. The results suggest that commitment devices may in practice be welfare diminishing, at least in some contexts, and serve as a cautionary tale about their role in health care. Citation: Liang Bai, Benjamin Handel, Edward Miguel, Gautam Rao; Self-Control and Demand for Preventive Health: Evidence from Hypertension in India. The Review of Economics and Statistics 2021; 103 (5): 835–856. URL: https://doi.org/10.1162/rest_a_00938",,,,[],2012-02-01,completed,completed,Self-Control and Chronic Illness: Theory and Evidence From a Field Experiment,No commitment contract group (n=512); Fixed commitment contract group (n=500); Flexible commitment contract group (n=500).,62,http://www.socialscienceregistry.org/trials/62
"Together with Pratham, one of the largest NGOs in India, we evaluated whether a mothers’ literacy program could encourage parental involvement and subsequently improve children’s learning outcomes. Mothers of children aged 5-8 years-old were assigned to one of the following three treatment groups or a comparison group, which received no additional services. 1. Mothers’ Literacy Classes (ML) were held for two hours every day. 2. Child’s Home Activities and Materials Packet (CHAMP) was intended to help illiterate mothers interact with their children to enrich the learning environment at home. Children were given workbooks with a specific activity assigned for each day and mothers were instructed on how to facilitate their child's use the workbooks. 3. A combination of ML and CHAMP. Both mothers and their children were tested at the start of the intervention and again one year later (after the intervention) on basic literacy and numeracy. A household survey collected data on demographics, asset ownership, schooling status of children in the household, mother perceptions of education, mother empowerment, as well as mother and child time use.",Private,,0232241bcea3e53d34b70b3b668cd79cc50a7c08,"[""India (Ajmer"", ""Rajasthan and Purnia"", ""Bihar)""]",,,10.1257/rct.65-1.0,2013-04-01,"In two states - Rajasthan and Bihar, 240 hamlets were selected for the randomization. Hamlets were selected based on a target number of households (the approximate size that could support one mother literacy class) and geographic distance from other target locations to limit spillovers. In Rajasthan, where villages are typically far apart, one appropriately-sized hamlet per village was selected, and the randomization was effectively conducted at the village level. In Bihar, where hamlets may be close to one another (whether in the same village or in different villages), hamlets of the target size were included if they were sufficiently far from other included hamlets. In each state, 60 hamlets were randomly assigned to each of the four treatment groups - Mother Literacy Classes, CHAMP, Mother Literacy Classes and CHAMP and Control. Randomization was stratified geographically to allow Pratham to organize its monitoring structure based on a known number of program villages in each area. The 240 villages in each state were first divided into geographically proximate groups of 20 villages. These groups of villages were further divided into 2 “phases”. These phases determined the order of the rollout of the programs. The Pratham team rolled out the interventions in Phase 1 villages and began in Phase 2 villages approximately 3 weeks later. The randomization was stratified by the resulting 24 groups of 10 villages in each state. Assignment within each cluster of 20 villages was balanced such that each intervention was implemented in exactly 5 villages.",,[],2013-12-22,True,True,"The interventions were conducted in two blocks (district subdivisions) of the Purnia district in Bihar and two blocks of the Ajmer district in Rajasthan. Bihar and Rajasthan were selected by Pratham based on the low literacy levels of the two states. According to the latest census, these states have the lowest female literacy rates in India at roughly 53% each (Census of India, 2011). Children's education outcomes are similar between the two states. For example, 48% of rural children in grades 3 to 5 can read at a grade 1 level in both states, just below the national average of 54% (ASER Centre, 2013). The intervention districts within each state were selected because of existing Pratham programs and infrastructure in those areas. Within the intervention districts, the blocks were selected because they did not have any pre-existing Pratham programs. There were three interventions that were tested. Mothers of children aged 5-8 years-old were assigned to one of the following three treatment groups or a comparison group, which received no additional services. The Mother Literacy (ML) intervention consisted of daily literacy classes held in the villages. In each location, a volunteer was recruited from the community to teach classes for two hours per day at the time and place that was most convenient to interested women. Volunteers utilized a version of Pratham's Read India methodology. This approach, shown effective in teaching children to read, was modified to suit the interests of adults. While ML classes were open to any who wished to attend, Pratham staff and volunteers were given a list of target mothers to recruit into the classes. The Child and Mother Activities Packet (CHAMP) intervention was designed to engage the mothers at home with their children's learning. Once per week, a Pratham staff member visited each target mother and gave her a worksheet to help her child complete. Mothers were also given instruction on how to review her child's school notebooks, discuss child learning with her child's school teacher, and encourage the child to do school work at home. The combined intervention (ML-CHAMP) included both the ML and CHAMP interventions.",,2012-07-01,2011-08-01,"Name: Cornell University, Office of Research Integrity Assurance Approval_number: IORG0000205 Approval_date: 2011-05-18 Name: Massachusetts Institute of Technology (MIT), Committee on the Use of Humans as Experimental Subjects (COUHES) Approval_number: 1102004358 Approval_date: 2011-03-17","[""C93"", ""D13"", ""I21"", ""O15""]","[""[\""education\"""", ""\""adult education\"""", ""\""education inputs\""]""]",2013-12-22,See pre-analysis plan,,120.0,,480.0,3,,8857.0,3,[],james berry jimberry uga edu,"[""james berry jimberry uga edu"", ""marc shotland shotland mit edu abdul latif jameel poverty action lab"", ""rukmini banerji rukmini banerji pratham org pratham""]",James Berry jimberry@uga.edu,"[""James Berry jimberry@uga.edu"", ""Rukmini Banerji (rukmini.banerji@pratham.org) Pratham"", ""Marc Shotland (shotland@mit.edu) Abdul Latif Jameel Poverty Action Lab""]",,See attached pre-analysis plan,"Mother learning levels (test score), Child learning levels (test score), Participation, Time use, Home learning environment, Empowerment",,,False,,,2013-12-22,"Randomization done in an office by a computer, using stata",480 Village hamlets,AEARCTR-0000065,2013,,OW2.153 (3ie),,,[],2011-04-01,completed,completed,The Impact of Mother Literacy and Participation Programs on Child Learning: Evidence from a Randomized Evaluation in India,,65,http://www.socialscienceregistry.org/trials/65
"Background and study aims This study is a randomised control trial (RCT) evaluation of a preventative programme which aims to improve school readiness and life outcomes of socioeconomically disadvantaged children. The programme is operating in several disadvantaged communities in Dublin with above national average rates of unemployment, early school leavers, lone parent households and social housing. The Preparing for Life (PFL) programme, which began in 2008, works with families from pregnancy until school entry in order to promote positive child development through improved parental behaviour and social support. The programme is being evaluated using a mixed methods approach, incorporating a longitudinal experimental design and implementation analysis. The experimental component involves the random allocation of participants from the PFL communities to either the low or high treatment group for the duration of the programme. Who can participate? All pregnant women from the target communities in Dublin were eligible to participate. 233 pregnant were recruited into the PFL Programme between 2008 and 2010. Randomisation resulted in 115 participants assigned to the high treatment group and 118 participants assigned to the low treatment group. In addition, 99 pregnant women were recruited into a comparison group from comparable community. The population based recruitment rate was 52%. What does the study involve? Preparing for Life provides a range of supports to participating families from pregnancy until school entry. The programme targets a range of child outcomes which are related to school readiness, including cognitive development, physical health and motor skills, socio-emotional development, behavioural skills, language development and emergent literacy. On recruitment during pregnancy, participants are randomly assigned to either a low treatment group or a high treatment group. Both the high and low treatment groups receive €100 worth of developmental toys annually and facilitated access to one year of high quality preschool. In addition, the high treatment group receive two additional supports that are not available to the low treatment group. First, participants in the high treatment group receive a home-visiting mentoring support service. The aim of the home visits is to support and help the parents with key parenting issues. Secondly, participants in the high treatment group also participate in group parent training using the Triple P Positive Parenting Programme which aims to improve positive parenting in a group-based setting for eight consecutive weeks. The evaluation collects data from all three groups (high treatment, low treatment, comparison group) at baseline during pregnancy (t0), and when the child is six months (t1), 12 months (t2), 18 months (t3), 24 months (t4), three years (t5), and four years old (t6). A comprehensive set of data are collected at each point. At each time point, we compare the outcomes of the high treatment group, low treatment and comparison groups. To determine if the effects of the programme are sustained later in childhood, data collected from high and low treatment groups at 7-11 years (age 9 on average) are collected and compared as part of a follow-up study. To determine if the effects of the programme are sustained into adolescence, data collected from high and low treatment groups at 12-16 years (age 14 on average) are collected and compared as part of a follow-up study. What are the possible benefits and risks of participating? If the programme is effective, families in the high treatment group may benefit from the programme by gaining greater parenting knowledge and skills; and their children will be better prepared for school. Risks of participation are few. The main risk is that some study questions are of a personal nature and may cause participant discomfort or stress. Potential participants are informed as part of the consent process that participation is voluntary and that they can withdraw from the study or decline to answer any question at any time without penalty. Where is the study run from? The Evaluation of PFL is housed at the Geary Institute at University College Dublin in Dublin Ireland. When is study starting and how long is it expected to run for? Recruitment took place from 2008 to 2010. The evaluation continues until all children are 4 years of age, in March 2015. The first follow-up study from January 2019 to September 2019 examines the impact of receiving the PFL programme between the ages of 0 and 5 on children's outcomes later in childhood (approximately age 9). The second follow-up study from September 2023 to September 2024 examines the impact of receiving the PFL programme between the ages of 0 and 5 on children's outcomes later in childhood (approximately age 14). Who is funding the study? The evaluation of the Preparing for Life programme is funded by the Northside Partnership through the Department of Children and Youth Affairs and The Atlantic Philanthropies. The follow-up study at ~age 9 and ~age 14 was funded by the Northside Partnership Who is the main contact? Professor Orla Doyle, orla.doyle@ucd.ie",,,001df95365ce4924741acc2cb454d8f598d9f97a,"[""Ireland (Dublin)""]",False,,10.1257/rct.66-2.2,2030-10-01,"On recruitment during pregnancy, participants are randomly assigned to either a low treatment group or a high treatment group. Both the high and low treatment groups receive €100 worth of developmental toys annually and facilitated access to one year of high quality preschool. In addition, the high treatment group receive two additional supports that are not available to the low treatment group. First, participants in the high treatment group receive a home-visiting mentoring support service. The aim of the home visits is to support and help the parents with key parenting issues. Secondly, participants in the high treatment group also participate in group parent training using the Triple P Positive Parenting Programme which aims to improve positive parenting in a group-based setting for eight consecutive weeks.",,"[""Description:"", ""https://www.preparingforlife.ie/"", ""Url:"", ""http://geary.ucd.ie/preparingforlife/""]",2013-09-02,False,True,"The Preparing for Life (PFL) programme works with families from pregnancy until school entry in order to promote positive child development through improved parental behaviour and social support. Preparing for Life provides a range of supports to participating families from pregnancy until school entry. The programme targets a range of child outcomes which are related to school readiness, including cognitive development, physical health and motor skills, socio-emotional development, behavioural skills, language development and emergent literacy. On recruitment during pregnancy, participants are randomly assigned to either a low treatment group or a high treatment group. Both the high and low treatment groups receive €100 worth of developmental toys annually and facilitated access to one year of high quality preschool. In addition, the high treatment group receive two additional supports that are not available to the low treatment group. First, participants in the high treatment group receive a home-visiting mentoring support service. The aim of the home visits is to support and help the parents with key parenting issues. Secondly, participants in the high treatment group also participate in group parent training using the Triple P Positive Parenting Programme which aims to improve positive parenting in a group-based setting for eight consecutive weeks.",2015-03-31,2015-03-31,2008-05-31,Name: University College Dublin Human Research Ethics Committee Approval_number: HS-07-26-Harmon-Doyle Approval_date: 2008-05-08 Name: University College Dublin Human Research Ethics Committee Approval_number: HS-18-90-Doyle Approval_date: 2018-12-11 Name: University College Dublin Human Research Ethics Committee Approval_number: HS-23-47-Doyle Approval_date: 2023-11-27,"[""C93"", ""I14"", ""I24"", ""J13""]","[""[\""education\"""", ""\""health\""]""]",2025-06-05,,,115.0,,1.0,1,,233.0,1,[],orla doyle orla doyle ucd ie,"[""orla doyle orla doyle ucd ie""]",Orla Doyle orla.doyle@ucd.ie,"[""Orla Doyle orla.doyle@ucd.ie""]","Description: Overall, PFL achieved its aim of improving children's school readiness. The programme had a positive and significant impact on each of the five domains school readiness domains: cognitive development, language development, approaches to learning, social & Citation: Doyle, Orla. ""Preparing for Life Programme Evaluation Reports,"" March 31, 2016. URL: https://geary.ucd.ie/preparingforlife/?page_id=146",,"School Readiness Skills (cognitive development, physical health and motor skills, socio-emotional development, behavioural skills, language development and emergent literacy) Age 9 follow-up study: cognitive development, physical health, socioemotional development, school attendance and performance. Age 14 follow-up study: cognitive development, physical health, socioemotional development, executive functioning, time and risk preferences, time use health behaviors, anti-social behavior, educational engagement, biological aging",False,,False,True,http://www.ucd.ie/issda/data/pfl/,2025-06-05,"PFL participants were randomised after informed consent was obtained. To ensure randomisation was not compromised an unconditional probability computerised randomisation procedure was used whereby the participant pressed a key on a computer which randomly allocated her treatment group assignment. Once assignment was completed, an automatic email was generated which included the participant’s unique ID number and assignment condition. This email was automatically sent to the PFL programme manager and the evaluation manager. This method was used to ensure that the recruiter had no influence on the treatment assignment. Thus if any attempts to reassign participants from one group to another group, by either directly changing the database or repeating the randomisation procedure, a second email would be generated to automatically highlight this intentional subversion.",Individual level,AEARCTR-0000066,2013,"Abstract: Objectives Pregnancy, labour, and delivery involve risk for mothers and infants. This study tested the effectiveness of a home-based programme to improve perinatal outcomes among socially disadvantaged women. The hypothesis was that the intervention group who received education and support during pregnancy would have better perinatal outcomes than the control group. Study design This is a randomised controlled trial. Pregnant women from a disadvantaged community in Dublin, Ireland were eligible for participation in Preparing for Life, a home visiting early intervention programme. 233 participants were recruited and assigned to an intervention (n = 115) and control (n = 118) group using an unconditional probability randomisation strategy. Maternity hospital records were available for 206 participants (nintervention = 106; ncontrol = 100). Consent to access records was not provided by 9 participants, records were missing for 17 participants and 1 record was excluded due to miscarriage. The intervention group were prescribed an average of ten prenatal home visits from a trained mentor. Mentors provided information on healthy prenatal behaviours and the birthing experience using tip sheets and social support. The control group received care as usual including the opportunity to attend standard antenatal classes. The outcomes included neonatal (Apgar scores, birth weight, gestational age and prematurity) and maternal (labour onset method and delivery method) outcomes. Statistical analyses were conducted using t -tests, tests of proportions, regression, logistic regression and permutation testing. Results There were no differences on any of the neonatal outcomes or the majority of the maternal outcomes. Two secondary results were found such that there was an increase in the rate of spontaneous onset of labour in the intervention group compared to the control group (69.8% v 58.0%; OR 1.67, 95% CI = 0.94, 2.97; p < 0.05) and there was a reduction in caesarean section rates in the intervention group compared to the control group (15.1% v 25.0%; OR 0.53, 95% CI = 0.27, 1.07; p < 0.05). Conclusions This prenatal home visiting programme had no impact on neonatal outcomes, yet there was suggestive evidence that it prepared women for birth, and potentially led to increased spontaneous onset of labour and reduced caesarean section. Further studies are required to test these observation generating hypotheses. Citation: Doyle, O., et al. Home Based Educational Intervention to Improve Perinatal Outcomes for a Disadvantaged Community: A Randomised Control Trial. European Journal of Obstetrics & Gynecology and Reproductive Biology, 2014, 180, 162-7. doi: 10.1016/j.ejogrb.2014.06.006 URL: https://doi.org/10.1016/j.ejogrb.2014.06.006 Abstract: This study examined the factors influencing participant engagement in a home visiting program. Specifically, it explored the relationship between dosage and the constituent components of psychological resources: mental health, mastery, and cognitive resources. Multiple linear regression analyses were conducted utilising implementation data from a sample (n = 95) of participants in an Irish home visiting program. Psychological resources significantly predicted dosage, yet an investigation of each component found that only cognitive resources remained significant. Furthermore, when considering types of cognitive resources, verbal ability was found to significantly predict the number of home visits but not the average duration of visits. Conversely, perceptual reasoning was found to predict the average duration of home visits but not the number of home visits. These results suggest that cognitive resources may be the driving component behind previous findings that link psychological resources and level of dosage in home visiting programs. Practice and policy implications are explored. Citation: Booth, A., Palamaro Munsell, E, and Doyle, O. Maternal Engagement in a Home Visiting Intervention: What Lies beneath Psychological Resources. Journal of Community Psychology, 2014, 42.1, 29-46. doi: 10.1002/jcop.21592 URL: https://doi.org/10.1002/jcop.21592 Abstract: This article investigates the impact of an early intervention program, which experimentally modifies the parenting and home environment of disadvantaged families, on child physical health in the first 3 years of life. We recruited and randomized 233 (115 intervention, 118 control) pregnant women from a socioeconomically disadvantaged community in Dublin, Ireland into an intervention or control group. The treatment includes regular home visits commencing antenatally and an additional parenting course commencing at 2 years. Maternal reports of child health are assessed at 6, 12, 18, 24, and 36 months. Treatment effects are estimated using permutation testing to account for small sample size, inverse probability weighting to account for differential attrition, and both the stepdown procedure and an indices approach to account for multiple hypothesis testing. Following adjustment for multiple testing and attrition, we observe a positive and statistically significant main treatment effect for wheezing/asthma. The intervention group are 15.5 percentage points (pp) less likely to require medical attention for wheezing/asthma compared to the control group. Subgroup analysis reveals more statistically significant adjusted treatment effects for boys than girls regarding fewer health problems (d = 0.63), accidents (23.9 pp), and chest infections (22.8–37.9 pp). Our results suggest that a community-based home visiting program may have favorable impacts on early health conditions. Citation: Doyle, O., et al. Early Intervention and Child Physical Health: Evidence from a Dublin-Based Randomized Controlled Trial. Economics & Human Biology, 2015, 19, 224-45. doi: 10.1016/j.ehb.2015.09.004 URL: https://doi.org/10.1016/j.ehb.2015.09.004 Abstract: This study examined the impact of a targeted Irish early intervention program on children’s emotional and behavioral development using multiple methods to test the robustness of the results. Data on 164 Preparing for Life participants who were randomly assigned into an intervention group, involving home visits from pregnancy onwards, or a control group, was used to test the impact of the intervention on Child Behavior Checklist scores at 24-months. Using inverse probability weighting to account for differential attrition, permutation testing to address small sample size, and quantile regression to characterize the distributional impact of the intervention, we found that the few treatment effects were largely concentrated among boys most at risk of developing emotional and behavioral problems. The average treatment effect identified a 13% reduction in the likelihood of falling into the borderline clinical threshold for Total Problems. The interaction and subgroup analysis found that this main effect was driven by boys. The distributional analysis identified a 10-point reduction in the Externalizing Problems score for boys at the 90th percentile. No effects were observed for girls or for the continuous measures of Total, Internalizing, and Externalizing problems. These findings suggest that the impact of this prenatally commencing home visiting program may be limited to boys experiencing the most difficulties. Further adoption of the statistical methods applied here may help to improve the internal validity of randomized controlled trials and contribute to the field of evaluation science more generally. Citation: Doyle, O., et al. Can Targeted Intervention Mitigate Early Emotional and Behavioral Problems?: Generating Robust Evidence within Randomized Controlled Trials. PLoS One, 2016, 11.6, e0156397. doi: 10.1371/journal.pone.0156397 URL: https://doi.org/10.1371/journal.pone.0156397 Abstract: Children from economically disadvantaged communities frequently lack the socio-emotional, cognitive and behavioural skills needed for successful early school adjustment. Assessments of early school experience often rely on parent and teacher perspectives, yet children’s views are essential to design effective, resilience-promoting school ecologies. This mixed methods study explored children’s appraisals of potential stressors in the first school year with 25 children from a disadvantaged suburban community in Ireland. School scenarios were presented pictorially (Pictorial Measure of School Stress and Wellbeing, or PMSSW), to elicit children’s perspectives on social ecological factors that enable or constrain resilience. Salient positive factors included resource provision, such as food, toys and books; school activities and routines, including play; and relationships with teachers. Negative factors included bullying; difficulties engaging with peers; and using the toilet. Drawing on these factors, we indicate how school psychologists can develop resilience-fostering educational environments for children in vulnerable communities. Citation: Tatlow-Golden, Mimi, et al. ‘Look, I Have My Ears Open’: Resilience and Early School Experiences among Children in an Economically Deprived Suburban Area in Ireland. School Psychology International, 2016, 37.2, 104-20. doi: 10.1177/0143034315613777 URL: https://doi.org/10.1177/0143034315613777 Abstract: Early home visiting intervention programmes have been associated with greater familial well-being, yet their success depends on attaining engagement from the outset. Implementation practices, central to positive programme outcomes, rely on a strong relationship between programme providers and families. The present study explored the role of this relationship in the implementation of an Irish early childhood intervention. A randomised controlled trial of the Preparing for Life (PFL) programme was conducted in disadvantaged Dublin communities involving 233 participants recruited during pregnancy and assigned to a high or low intervention group. High intervention involved regular home visits from a trained home visitor providing parenting support and information. This study presents qualitative findings from focus groups with high intervention parents (n=11) and interviews with home visitors (n=5) conducted when participating children were on average 5 months old. Though early engagement challenges were identified, in time parents noted the strengthening parent-home visitor relationship. Findings highlight the importance of programme flexibility and parent-home visitor rapport to programme engagement. Wellbeing did not arise as a salient theme, though it may emerge as a longer-term programme outcome. These findings reveal key aspects of early implementation which may contribute to the ultimate success of the programme. Citation: Doyle, O. et al. Friend, foe or facilitator? The role of the parent-service provider relationship in the early implementation of a family-based community intervention, Community Psychology in Global Perspective, 2016, 2.1, 52-72. doi: 10.1285/i24212113v2i1p52 URL: https://doi.org/10.1285/i24212113v2i1p52 Abstract: Children’s use of the toilet at school, although rarely explored, is an important facet of school experience with consequences for physical and psychological health. A mixed methods study investigated views of 25 children (4–5 years) regarding potential stressors in the first school year, including views of toileting, in Dublin, Ireland. Despite very positive responses to school, most responses to toileting (15 of 25) were mixed or negative. Although some liked to go, or noted the toilets were clean, most indicated delayed toilet use (“bursting” to go) and ambivalent or negative experiences such as fear of not identifying the right toilet, fear of being alone, lack of privacy, and potential bullying. Many children did not expect to receive help from the teacher. As delaying toilet use can have lasting health consequences, teacher–nurse collaboration could be used to develop whole-school policies to support children’s early adjustment in this sensitive area of functioning. Citation: Tatlow-Golden, M., et al. “Bursting” to Go and Other Experiences:Children’s Views on Using the Toilet in the First School Year. The Journal of School Nursing, 2017, 33.3, 214-22. doi: 10.1177/1059840516646422. URL: https://doi.org/10.1177/1059840516646422 Abstract: Objective To investigate the impact of an early intervention programme, Preparing for Life, on dietary intake between 12 and 36 months of age, and the mediating role played by diet on cognitive functioning. Design A randomised controlled trial evaluation of a community-based home visiting programme. The intervention involved biweekly visits from mentors from pregnancy until age 5 years and parent training at age 2 years. Dietary intake was assessed at 12, 18, 24 and 36 months using an FFQ to calculate the proportion meeting dietary recommendations. Cognitive functioning was measured at 24 and 36 months. Treatment effects were estimated using conventional χ 2 tests, permutation testing, inverse probability weighting and the stepdown procedure. Mediation analysis examined the indirect effect of the intervention on cognitive functioning via its effect on dietary intake. Setting Socio-economically disadvantaged communities in Dublin, Republic of Ireland. Subjects Pregnant women (n 233) were assigned to the intervention (n 115) or control (n 118) group using an unconditional probability randomisation strategy. Results Positive treatment effects were observed for meeting dietary recommendations for protein foods at 24 (OR=2·52) and 36 (OR=2·42) months, and all food groups at 24 (OR=3·92) months. There were no effects on grain, dairy, fruit and vegetable, or fatty/sugary food recommendations in most models. The conventional and more novel methods yielded similar results. Mediation analysis indicated that 13 % of the intervention’s effect on cognitive functioning was mediated by 36-month protein food consumption. Conclusions The study demonstrates some potential to alter early childhood dietary patterns through community-based intervention programmes. Citation: O’Sullivan, A., Fitzpatrick, N., & Doyle, O. Effects of early intervention on dietary intake and its mediating role on cognitive functioning: a randomised controlled trial, Public Health Nutrition, 2017, 20.1, 154-164. doi: 10.1017/S1368980016001877. URL: https://doi.org/10.1017/S1368980016001877 Abstract: This paper presents evidence on early skill formation and parental investment using an experimentally designed, home visiting program targeting disadvantaged Irish families. Program effects from pregnancy to 18 months are estimated using measures of parenting and child cognitive, noncognitive and physical development. Permutation testing, a stepdown procedure, and inverse probability weighting are applied to account for small sample size, multiple hypothesis testing, and attrition. The program's impact is concentrated on parental behaviors and the home environment with small to moderate effect sizes found. Deficits in parenting skills can be offset within a relatively short timeframe, yet continued investment may be required to observe child effects. Citation: Doyle, O. et al. Early skill formation and the efficiency of parental investment: A randomized controlled trial of home visiting, Labour Economics, 2017, 45, 40-58. doi: 10.1016/j.labeco.2016.11.002. URL: https://doi.org/10.1016/j.labeco.2016.11.002 Abstract: Research shows that children facing socioeconomic risk often have poorer skills at school entry, greater difficulty adjusting to school, more negative school experiences, and lower scholastic achievement, relative to their peers. However, the promotion of positive early school experiences is constrained by a lack of insight into disadvantaged children’s own perspectives. To address this gap, this study interviewed 26 children living in a disadvantaged community in Ireland who had recently commenced formal schooling. Interviews included semi-structured questions and a draw-and-talk activity. Interview questions and drawings were analysed using the principles of thematic analysis and content analysis respectively, and the findings were integrated to identify four overarching themes. These included children’s sense of self in school, what happens in school, the importance of peer relationships, and children’s lives around school. The results provide reflection points for research and practice, such as the promotion of positive peer experiences and strong family–school connections. Citation: O'Rourke, Claire, et al. ""‘Little Bit Afraid ‘Til I Found How It Was’: Children’s Subjective Early School Experiences in a Disadvantaged Community in Ireland."" European Early Childhood Education Research Journal 25.2 (2017): 206-23. doi: 10.1080/1350293X.2017.1288386. URL: https://doi.org/10.1080/1350293X.2017.1288386 Abstract: Studies support cognitive and social domains of development as entwined in childhood, however, there is a paucity of investigation into the nature of the mother–child relationship within an interdependence framework. Furthermore, the focus on these processes within families from impoverished communities using frequent assessments in early childhood has been limited. Our objectives were to identify (1) the directional associations between toddler’s communication ability and social competence, (2) to establish whether the association between toddler’s communication ability and social competence is mediated by maternal warmth, and (3) to establish support for transactional models between toddlers’ outcomes and maternal warmth in disadvantaged communities in Ireland. Participants included 173 toddlers and their families enrolled in a prenatally commencing prevention programme. Toddler’s communication and social competence were assessed at 12, 18, 24 and 36 months and maternal warmth at 6 and 24 months. Cross-lagged models were estimated examining multiple paths of associations simultaneously. Direct and indirect paths of maternal warmth were also examined. Bi-directional associations were found between communication ability and social competence from 12 to 24 months but not thereafter. Maternal warmth did not significantly mediate these associations, however, support of a transactional model was found with social competence. The results support early positive associations between better communication ability and social competence in the first 2 years, however, they suggest that these associations are no longer present by the third year. The role of maternal warmth in fostering social competencies is important for toddlers and equally important is toddler’s level of social competence in eliciting increased maternal warmth. Citation: Girard, L., Doyle, O., and Tremblay, R. Maternal warmth and toddler development: support for transactional models in disadvantaged families, European Child and Adolescent Psychiatry, 2017, 26.4, 497-507. doi: 10.1007/s00787-016-0913-7 URL: https://doi.org/10.1007/s00787-016-0913-7 Abstract: Objective This study estimates the effect of a targeted early childhood intervention program on global and experienced measures of maternal well-being utilizing a randomized controlled trial design. The primary aim of the intervention is to improve children’s school readiness skills by working directly with parents to improve their knowledge of child development and parenting behavior. One potential externality of the program is well-being benefits for parents given its direct focus on improving parental coping, self-efficacy, and problem solving skills, as well as generating an indirect effect on parental well-being by targeting child developmental problems. Methods Participants from a socio-economically disadvantaged community are randomly assigned during pregnancy to an intensive 5-year home visiting parenting program or a control group. We estimate and compare treatment effects on multiple measures of global and experienced well-being using permutation testing to account for small sample size and a stepdown procedure to account for multiple testing. Results The intervention has no impact on global well-being as measured by life satisfaction and parenting stress or experienced negative affect using episodic reports derived from the Day Reconstruction Method (DRM). Treatment effects are observed on measures of experienced positive affect derived from the DRM and a measure of mood yesterday. Conclusion The limited treatment effects suggest that early intervention programs may produce some improvements in experienced positive well-being, but no effects on negative aspects of well-being. Different findings across measures may result as experienced measures of well-being avoid the cognitive biases that impinge upon global assessments. Citation: Doyle, O. et al. Can early intervention policies improve well-being? Evidence from a randomized controlled trial, PLoS ONE, 2017, 12.1, e0169829. doi: 10.1371/journal.pone.0169829. URL: https://doi.org/10.1371/journal.pone.0169829 Abstract: Preparing for Life (PFL) is a prevention and early intervention programme which aims to improve the life outcomes of disadvantaged children in Dublin, Ireland. PFL was designed and implemented by the Northside Partnership and was subject to an extensive evaluation conducted by the UCD Geary Institute for Public Policy between 2008 and 2015 using a randomised control trial design. The evaluation found that the PFL programme had a significant impact on children’s skills by raising cognitive ability, reducing behavioural problems, and improving health. Please see Doyle (2017) and Doyle and PFL Evaluation Team (2016) for a description of the final results. The programme was one of 52 programmes funded by The Atlantic Philanthropies and the Department of Children and Youth Affairs as part of the Prevention and Early Intervention Initiative. In mid-2017 almost all the quantitative data collected as part of the PFL evaluation were placed in the Irish Social Science Data Archive (ISSDA). The decision to archive the data was made prospectively during the design of the study. The aim of this article is to describe the motivation for archiving the PFL data and the processes involved in prospectively designing, collecting, and storing data which was destined for a national archive. Citation: Doyle, O. Archiving the Preparing for Life Data – Motivation and historical context, Children’s Research Digest, 2017, 4.3, 13-17. URL: https://childrensresearchnetwork.org/knowledge/resources/archiving-the-preparing-for-life-data Abstract: Using a randomized experiment, this study investigates the impact of sustained investment in parenting, from pregnancy until age five, in the context of extensive welfare provision. Providing the Preparing for Life program, incorporating home visiting, group parenting, and baby massage, to disadvantaged Irish families raises children’s cognitive and socio-emotional/behavioral scores by two-thirds and one-quarter of a standard deviation respectively by school entry. There are few differential effects by gender and stronger gains for firstborns. The results also suggest that socioeconomic gaps in children’s skills are narrowed. Analyses account for small sample size, differential attrition, multiple testing, contamination, and performance bias. Citation: Doyle, O. The first 2,000 days and child skills: Evidence from a randomized experiment of home visiting. University College Dublin. School of Economics, 2017. URL: http://hdl.handle.net/10197/8732 Abstract: This study uses data from an evaluation of an early intervention programme, Preparing for Life, to estimate the impact of book gifting on shared reading during infancy and the association between reading and later development. Participants were randomised during pregnancy to a high intensity intervention group, receiving mentoring and book packs (n = 78), and a low intensity intervention group, receiving book packs only (n = 80). A no-intervention comparison group were allocated using non-random assignment (n = 78). At 6 and 12 months both the high and low intensity groups were more likely to read to their infant a few times per week or daily than the comparison group. The intervention groups did not differ statistically on reading frequency. Daily reading at 6 months predicted higher vocabulary comprehension and production, cognition, and socioemotional competence at 12 months. Book gifting may offer an efficient means of reading promotion in disadvantaged communities. Citation: O’Farrelly, C. et al. Shared book reading during infancy and later development: Evidence from an early intervention, Journal of Applied Developmental Psychology, 2018, 54, 69-83. doi: 10.1016/j.appdev.2017.12.001. URL: https://doi.org/10.1016/j.appdev.2017.12.001 Abstract: OBJECTIVES: To investigate the developmental impact of a prenatal–to–age-5 multicomponent early intervention program targeting families living in low socioeconomic conditions. METHODS: Pregnant women from a disadvantaged Irish community were randomly assigned into a treatment group (home visits, baby massage, and parenting program; n = 115) or control group (n = 118). Children’s behavioral problems (externalizing, internalizing), cognitive skills (general, vocabulary), and health service use (number of health clinic visits), were regularly assessed (6 months to 4 years of age). Children’s developmental trajectories were modeled by using latent class growth analyses to test whether certain subgroups benefited more than others. RESULTS: High and low developmental trajectories were identified for each outcome. Treated children were more likely to follow the high-level trajectory for cognition (odds ratio = 2.89; 95% confidence interval = 1.55–5.50) and vocabulary skills (odds ratio = 2.02; 95% confidence interval = 1.08–3.82). There were no differences by treatment condition in the risk of belonging to a high externalizing or high health clinic visit trajectory. However, within the high externalizing trajectory, treated children had lower scores than controls (Hedges’ g range (2–4 years) = 0.45–0.58; P < .05) and, within the high health clinic visit trajectory, only children in the control group experienced an increasing number of visits. CONCLUSIONS: This program revealed moderate positive impacts on trajectories of cognitive development and number of health clinic visits for all children, whereas positive impacts on externalizing behavior problems were restricted to children with the most severe problems. Citation: Cote, S. M., et al. A Multicomponent Early Intervention Program and Trajectories of Behavior, Cognition, and Health. Pediatrics, 2018, 141.5, pii: e20173174. doi: 10.1542/peds.2017-3174. URL: https://doi.org/10.1542/peds.2017-3174 Abstract: Many early intervention studies experience a dissolution of treatment effects in the aftermath of the intervention. Using a randomized trial, this paper examines the impact of Preparing for Life, a pregnancy to age five home visiting and parenting program, on outcomes in middle childhood. I find significant treatment effects on cognitive skills (0.55SD) and school achievement tests (0.30-0.54SD) at age nine. There is no impact on socio-emotional skills and there is little evidence of treatment heterogeneity by gender, birth order, or distribution of ability. The effects are mainly driven by improvements in early parental beliefs. Citation: Doyle, O (2022). “Can Early Intervention have a Sustained Effect on Human Capital?” Forthcoming Journal of Human Resources. doi:10.3368/jhr.0321-11557R1 URL: https://jhr.uwpress.org/content/early/2022/03/31/jhr.0321-11557R1 Abstract: Using a randomized experiment, this study investigates the impact of sustained investment in parenting, from pregnancy until age 5, in the context of extensive welfare provision. Providing the Preparing for Life program, incorporating home visiting, group parenting, and baby massage, to disadvantaged Irish families raised children’s cognitive and socioemotional/behavioral scores by two-thirds and one-quarter of a standard deviation, respectively. There were few differential effects by gender and stronger gains for firstborns and lower-resource households. The program also narrowed the socioeconomic gap in children’s skills. Analyses account for small sample size, differential attrition, multiple testing, contamination, and performance bias. Citation: Doyle, O. (2020) “The first 2000 days and children’s skills”. Journal of Political Economy, 128(6) 2067–2122 URL: https://www.journals.uchicago.edu/doi/10.1086/705707 Abstract: Evidence on the impact of early intervention on childhood health is inconsistent. Using a randomized controlled trial, we examine the impact of an Irish early intervention program on the development of health capital in the first five years of life. The treatment provides intensive parenting supports including home visits and parenting classes from pregnancy until school entry. Modest effects by age four are found, mainly driven by reduced hospital attendances attributed to improved earlier health. In sum, the program has limited effects on children’s health capital in the short-run despite demonstrating large effects on other dimensions of human capital. Citation: Coy, D. & Doyle, O (2023). “Should Early Health Investments Work: Evidence from an RCT of a Complex Early Childhood Intervention”. Forthcoming Journal of Human Capital. URL: https://www.journals.uchicago.edu/doi/10.1086/728055",,,,[],2008-05-31,on_going,on_going,The Evaluation of the Preparing for Life Early Childhood Intervention Programme,,66,http://www.socialscienceregistry.org/trials/66
"Rural grain markets throughout much of the developing world are characterized by large, regular seasonal price fluctuations. Farmer behavior in light of these fluctuations is often puzzling: the vast majority appear to sell their produce when prices are low, buy when prices are high, or often both. This behavior appears to persist despite farmers’ general recognition of these price patterns, and the availability of a simple technology - storage - which can be used to move grain intertemporally. Why don’t farmers use storage to take better advantage of these seasonal price fluctuations? Working with 1589 smallholder maize farmers and an NGO implementing partner in Webuye District in Western Kenya, we designed and implemented an experiment to test two hypotheses: (1) farmers are liquidity constrained and thus sell their maize at low post-harvest prices because they need the cash, and (2) farmers’ friends and family make frequent claims on stored maize, reducing the incentive to store.",Private,,a498fe2db31058fe3a2d80893a9fda240310c253,"[""Private""]",,,10.1257/rct.67-1.0,2014-08-15,"Farmers were divided into two main treatment groups (an October loan group and a January loan group), and a control group.",See pre-analysis plan.,[],2013-09-06,True,True,,,2013-08-15,2012-10-01,Name: UC Berkeley Committee for Protection of Human Subjects Approval_number: 2010-06-1696 Approval_date: 2012-06-07,[],"[""[\""agriculture\""]""]",2013-09-06,,,80.0,,240.0,1,,1589.0,1,[],marshall burke marshall burke berkeley edu,"[""marshall burke marshall burke berkeley edu""]",Marshall Burke marshall.burke@berkeley.edu,"[""Marshall Burke marshall.burke@berkeley.edu""]",,,"maize inventories, maize prices paid and received, maize revenues, and consumption expenditure",,,False,,,2013-09-06,Randomization was done in office by a computer,farmer groups,AEARCTR-0000067,2013,,,,,[],2012-08-01,on_going,on_going,Understanding smallholder arbitrage in Kenyan maize markets,,67,http://www.socialscienceregistry.org/trials/67
"This project uses a randomized field experiment in Egypt to examine the channels through which increasing market access can drive economic growth and reduce poverty. We focus on a particular export promotion intervention designed to match Egyptian Artisan carpet makers with Western buyers and evaluate several dimensions of the intervention. First, we explore whether increasing market access via exporting has a causal effect on enterprise performance. Second, we analyze the key firm-specific factors that are conducive for export success (vital information for improving the efficacy of such market access programs). Third, we examine if export market access increase the level and reduces the volatility of income during a period of violence and political instability.",,,f3e4db9d8ddde7af5af2d5da067127116447538a,"[""Egypt (Fowa)""]",,,10.1257/rct.69-3.0,2014-12-31,Our intervention involves providing SMEs in the treatment group with a packet of initial trial orders generated by a extensive marketing effort.,,[],2013-09-16,False,True,,,2014-08-31,2011-08-01,Name: Yale Human Subjects Committee Approval_number: 1001006247 Approval_date: 2013-02-07 Name: Columbia University IRB Approval_number: AAAE9678 Approval_date: 2012-10-16,[],"[""[\""welfare\"""", ""\""Market Access\""]""]",2017-04-01,,,158.0,,1.0,1,,305.0,3,[],david atkin atkin mit edu,"[""adam osman aosman illinois edu uiuc"", ""amit khandelwal ak columbia edu columbia gsb"", ""david atkin atkin mit edu""]",David Atkin atkin@mit.edu,"[""David Atkin atkin@mit.edu"", ""Adam Osman (aosman@illinois.edu) UIUC"", ""Amit Khandelwal (ak2796@columbia.edu) Columbia GSB""]",,,"Income, income volatility, productivity, quality, export success",,,False,,,2017-04-01,Computer,SME,AEARCTR-0000069,2013,,,,,[],2011-07-01,completed,completed,The Impact of Exporting: Evidence from a Randomized Experiment in Egypt,,69,http://www.socialscienceregistry.org/trials/69
"This study aims to understand how imbalances between mothers and fathers in knowledge and decision-making power affect maternal and child health. The study compares three approaches: increasing mothers’ empowerment, increasing fathers’ knowledge about the health needs of children, and increasing mothers’ knowledge about the health needs of children. Study villages in Southwest Uganda receive one of three treatments — a women´s nutrition education program, a men’s nutrition education program, or a joint women’s empowerment and nutrition education program — or are in the control group and received no intervention. The target population are parents of a child under age 2 or couples in which the woman is pregnant. The program consists of 20 classes, held bi-weekly, for a group of about 10 mothers or fathers. A baseline survey and anthropometric data were collected before the start of the program. An end-line survey will be collected one year after program implementation begins.",,,bce23f93d8f375adf3a0789319e42a32b2d8e732,"[""Private""]",,,10.1257/rct.73-6.0,2020-12-30,"The 412 villages in Southwest Uganda were randomly assigned to either receive one of three treatments — a women´s nutrition education program (105 villages), a men’s nutrition education program (105 villages), or a joint women’s empowerment and nutrition education program (98 villages)— or be in the control group and receive no intervention (104 villages). Baseline measurements of survey-based and anthropometric indicators were collected prior to intervention launch. Endline data collection will be conducted for all households after the intervention has been implemented for one year.",,[],2013-09-18,False,True,"There are 3 treatment arms: Women’s Health & Nutrition, Men’s Health & Nutrition, and Women’s Health + Nutrition plus Women’s Empowerment. In each case, the treatment is a training course for a selected group of roughly 10 mothers or fathers within a village. Twenty bi-weekly lessons are delivered within the village by a trained facilitator. Participants either had a child under age 2 or were pregnant/had a pregnant spouse at the time of baseline data collection. Each Health and Nutrition session is approximately one hour in length, while each Women’s Empowerment session is approximately 45 minutes (1 hour and 45 minutes in total when combined with the Health and Nutrition lessons).",,2013-11-30,2013-02-25,Name: Northwestern University Institutional Review Board Approval_number: STU00062565 Approval_date: 2012-04-25,[],"[""[\""health\"""", ""\""gender\"""", ""\""nutrition\""]""]",2018-12-07,,,105.0,,412.0,1,,5694.0,2,[],seema jayachandran seema jayachandran gmail com,"[""martina bj rkman nyqvist martina bjorkman nyqvist hhs se stockholm school of economics"", ""seema jayachandran seema jayachandran gmail com""]",Seema Jayachandran seema.jayachandran@gmail.com,"[""Seema Jayachandran seema.jayachandran@gmail.com"", ""Martina Björkman Nyqvist (Martina.Bjorkman.Nyqvist@hhs.se) Stockholm School of Economics""]",,,"height, weight, middle upper arm circumference, hemoglobin levels, self-reported health, health-care utilization, household consumption, health/nutrition knowledge, women's empowerment and decision-making",,,False,,,2018-12-07,Randomization done in office by a computer,village,AEARCTR-0000073,2013,,,,,[],2012-08-01,on_going,on_going,The effect of gender-equity programs on maternal and child health in Uganda,,73,http://www.socialscienceregistry.org/trials/73
"Yalla Watheefa (Let's Get a Job) is a pilot program designed to help connect youth to job opportunities, and to measure the willingness of youth to apply for different types of jobs. The program works with around 2000 university and community college graduates in Jordan, and attempts to link them to job openings in a wide range of occupations. A random sample of graduates will be linked to each job opening, and the project will measure whether these graduates are willing to apply for different jobs, their performance in job interviews, and whether this process of facilitating matching of youth to open jobs is able to increase their employment.",,false,4cffc1cecdc8ed7a870e7f8259d0a8327711d4fe,"[""Jordan (Amman)""]",True,2013-05-30,10.1257/rct.76-2.0,2014-06-30,"A sample size of 2005 individuals will be divided into strata which are defined on a job by job basis. Randomization takes place each time there is a job offer, with typically 100-150 individuals chosen to be invited to apply for each job, with higher probability of being chosen for those who are deemed to be a good fit for the job on offer. Typically 2/3rds will be chosen from ""good fit"" strata, and 1/3rd from ""bad fit"" strata. For more skilled jobs, some strata will also be declared ""no fit"" and be given zero probability of being chosen. The number of job openings will depend on employer demand.",,[],2013-09-24,False,False,"2005 Jordanian youth who were looking for employment applied to participate in the Yalla Watheefa program. This program then works to identify firms looking for new employees in a wide range of positions. For each position identified, youth are grouped into strata according to gender, major, and expressed willingness to work in low-skilled jobs. A random sample of youth are then invited to apply for the job, and we track whether they apply, whether they obtain an interview, and whether this ultimately leads to a job.",2012-12-31,2013-11-30,2013-07-21,,[],"[""[\""labor\""]""]",2023-11-04,,,100.0,1354.0,2005.0,1,1354.0,2005.0,1,[],david mckenzie dmckenzie worldbank org,"[""david mckenzie dmckenzie worldbank org""]",David McKenzie dmckenzie@worldbank.org,"[""David McKenzie dmckenzie@worldbank.org""]",,"Low Prestige Jobs are defined as jobs in telemarketing,outdoor sales, administration assistants, customer care, indoor sales, data entry, copy editor, retail, and waitering.","Applied for any Job, Applied for a Job in a Low Prestige Occupation, Received an Interview, Received a Job Offer",True,https://microdata.worldbank.org/index.php/catalog/2183,False,True,https://microdata.worldbank.org/index.php/catalog/2183,2023-11-04,Randomization in Stata in office on a job by job basis.,Randomization at the individual job-seeker level,AEARCTR-0000076,2013,"Abstract: We test the role of search and matching frictions in explaining the high unemployment of tertiary-educated youth in Jordan through a randomized experiment. Firms and job candidates were provided with a job-matching service based on educational backgrounds and psychometric assessments. Although more than 1,000 matches were made, youth rejected the opportunity of an interview in 28 percent of cases, and when a job offer was received, they rejected this offer or quickly quit the job 83 percent of the time. The results suggest voluntary unemployment in this context arises from preferences over non-wage job attributes. Citation: Matthew Groh, David McKenzie, Nour Shammout and Tara Vishwanath (2015) ""Testing the importance of search frictions and matching through a randomized experiment in Jordan"", IZA Journal of Labor Economics, 4:7 URL: https://izajole.springeropen.com/counter/pdf/10.1186/s40172-015-0022-8.pdf",,,,[],2013-05-15,completed,completed,Yalla Watheefa Impact Evaluation,"1011 treated students, 343 control students",76,http://www.socialscienceregistry.org/trials/76
"The program being evaluated is a business plan competition for young entrepreneurs in a large African country. It has the stated objective of encouraging innovation and job creation through the creation of new businesses and expansion of existing businesses. The program provides a four-day training course on preparation of a business plan to applicants who make it through a first stage, and then grants to winners selected in this second phase. The goal of this evaluation is to measure the impact of winning this program on business performance, including job growth, profitability, and capital accumulation.","November 08, 2013",true,8186ac05f2a6dd18d963728dc2845a62522ec19f,"[""Nigeria ()""]",True,2015-02-15,10.1257/rct.78-2.0,2015-07-31,Design is in pre-analysis plan,Design is in pre-analysis plan,[],2013-09-24,True,False,"The program provides a four-day training course on preparation of a business plan to applicants who make it through a first stage, and then grants to winners selected in this second phase.",2014-01-15,2013-12-31,2012-03-31,,[],"[""[\""labor\"""", ""\""Private Sector Development\"""", ""\""Entrepreneurship\""]""]",2017-10-24,,,729.0,1841.0,1.0,1,1841.0,1841.0,1,[],david mckenzie dmckenzie worldbank org,"[""david mckenzie dmckenzie worldbank org""]",David McKenzie dmckenzie@worldbank.org,"[""David McKenzie dmckenzie@worldbank.org""]",,Pre-analysis plan provides key details,"Employment, Profitability, Sales",True,http://microdata.worldbank.org/index.php/catalog/2329,False,True,http://microdata.worldbank.org/index.php/catalog/2329,2017-10-24,Randomization by Computer,Individual Entrepreneur,AEARCTR-0000078,2013,"Abstract: Citation: Identifying and Spurring High-Growth Entrepreneurship: Experimental Evidence from a Business Plan Competition, American Economic Review, 107(8): 2278-2307, 2017 URL: https://www.aeaweb.org/articles?id=10.1257/aer.20151404 Abstract: Almost all firms in developing countries have fewer than 10 workers, with the modal firm consisting of just the owner. Are there potential high-growth entrepreneurs with the ability to grow their firms beyond this size? And, if so, can public policy help alleviate the constraints that prevent these entrepreneurs from doing so? A large-scale national business plan competition in Nigeria is used to help provide evidence on these two questions. The competition was launched with much fanfare, and attracted almost 24,000 entrants. Random assignment was used to select some of the winners from a pool of semi-finalists, with US$36 million in randomly allocated grant funding providing each winner with an average of almost US$50,000. Surveys tracking applicants over three years show that winning the business plan competition leads to greater firm entry, higher survival of existing businesses, higher profits and sales, and higher employment, including increases of over 20 percentage points in the likelihood of a firm having 10 or more workers. These effects appear to occur largely through the grants enabling firms to purchase more capital and hire more labor. Citation: David McKenzie (2015) ""Identifying and Spurring High-Growth Entrepreneurship:Experimental Evidence from a Business Plan Competition"", World Bank Policy Research Working Paper no. 7391 URL: http://documents.worldbank.org/curated/en/2015/08/24899889/identifying-spurring-high-growth-entrepreneurship-experimental-evidence-business-plan-competition",,,,[],2011-10-01,completed,completed,Evaluating a Nationwide Business Plan Competition,"729 treated with winning competition, 1112 control",78,http://www.socialscienceregistry.org/trials/78
"Iron deficiency anemia (IDA) has been linked to low productivity in adults, slowing of cognitive and physical growth among children and, in the elderly, increased risk of cognitive impairment and physical disability, as well as decreased muscle strength. Distributing iron supplements appears to be an impractical policy in resource-poor settings where the public health systems do not have the capacity to maintain a large-scale distribution system. Iron supplementation of foods is therefore an attractive alternative: it requires no additional effort on the part of the consumer, and can be done relatively cheaply in centralized locations. While NIN's Iron (and Iodine) Fortified Salt (DFS) has been studied extensively by the National Institute of Nutrition (Hyderabad) and others for safety and efficacy in humans, willingness to pay for this new technology has not been established. In this experiment, we randomly assign screening of a 25-minute film on health benefits of adequate iron consumption, especially using Double Fortified Salt (DFS) along with a popular local language movie, to villages in order to estimate the impact of information on DFS take-up.",,,1580a34c65ede731359c8b569b5eac6d7d268670,"[""Private""]",,,10.1257/rct.79-1.0,2014-12-31,"This trial is taking place in 14 blocks (administrative units below the district level) where we already have randomly assigned groups for related trials: - Villages where DFS is being sold and control groups where it is not sold. - In a randomly assigned subset of villages, a randomly assigned subset of households are being given DFS for free and control households are not being given DFS for free. The movie experiment will be stratified by cells made up of block*DFS sales treatment status*free DFS treatment status. In each stratum a random 30% of the total number of villages gets the movie screening. There are 14 blocks and 3 possible interactions of DFS sales treatment status*free DFS treatment status (Treatment Free DFS, Treatment Non Free DFS, Control Non Free DFS). In total 124 sample villages will be shown the DFS film and local language movie.",,[],2013-10-08,False,True,A 25 min short film in Bhojpuri on health benefits of adequate iron consumption in general and how DFS meets the iron needs of the body will be screened at the village level. In each village there will be: 1) A screening for the general public 2) A screening for women in a local health center The health film will be clubbed with a popular local language movie to attract crowds.,,2014-05-31,2013-10-05,Name: Massachusetts Institute of Technology Approval_number: 1101004293 Approval_date: 2013-09-24,[],"[""[\""health\"""", ""\""welfare\"""", ""\""Information Campaign\"""", ""\""take-up\""]""]",2013-10-08,,,124.0,,400.0,1,,400.0,3,[],sharon barnhardt sharonbarnhardt gmail com,"[""abhijit banerjee banerjee mit edu mit"", ""esther duflo eduflo mit edu mit"", ""sharon barnhardt sharonbarnhardt gmail com""]",Sharon Barnhardt sharonbarnhardt@gmail.com,"[""Sharon Barnhardt sharonbarnhardt@gmail.com"", ""Esther Duflo (eduflo@mit.edu) MIT"", ""Abhijit Banerjee (banerjee@mit.edu) MIT""]",,,Average fraction of households in village buying DFS,,,False,,,2013-10-08,Randomization in office by a computer,village level,AEARCTR-0000079,2013,,,,,[],2012-04-04,in_development,in_development,Information Campaign Experiment - Intervention to fight anemia and improve well-being in a very low income setting,,79,http://www.socialscienceregistry.org/trials/79
"A large body of evidence from both developed and developing countries suggests that low income households have strikingly low levels of financial literacy. A number of government, non-profit, and for profit institutions have created free or highly subsidized programs to provide basic financial literacy training to low income households. Despite the popularity of such programs, we have little empirical evidence on whether these programs actually improve welfare. In this study, we conduct a randomized control trial with real microfinance borrowers in Northern India to determine whether a financial literacy program improves financial literacy levels and increases the achievement of savings goals. The savings program we evaluate builds on prior interventions by providing (1) substantially more interactive time with the instructor (nine 1 hour sessions), (2) follow up visits to monitor progress, and (3) by harnessing the group structure of microfinance to allow for the possibility that learning with others increases retention. We randomly assigned one hundred microfinance groups to receive the financial literacy training program, and one hundred groups to serve as a control group.",Private,,1760c461aeb79e44e6e7bcf854ad23aef8bdc7fa,"[""Private""]",,,10.1257/rct.86-1.0,2014-03-01,"The study covers 200 borrowing groups in 200 villages spread across three districts in the north Indian state of Uttar Pradesh, India. Uttar Pradesh is India's second most poor state (VMW 2012), and ranks 24th out of 28 Indian states based on its Human Development Index (Ministry of Women and Child Development (2012)). Two hundred Sonata borrowing groups were selected and grouped into pairs according to an algorithm that minimized the overall geographical distance between villages within a pair (Mckenzie and Bruhn (2009)). One borrowing group in each of these pairs was randomly chosen to receive the savings training program; the other borrowing group in the pair served as the control. Paired matching and randomization was chosen to maximize the statistical power of the design, as described in Mckenzie and Bruhn (2009).",,[],2013-10-04,True,True,"A large body of evidence from both developed and developing countries suggests that low income households have strikingly low levels of financial literacy. A number of government, non-profit, and for profit institutions have created free or highly subsidized programs to provide basic financial literacy training to low income households. Despite the popularity of such programs, we have little empirical evidence on whether these programs actually improve welfare. In this study, we conduct a randomized control trial with real microfinance borrowers in Northern India to determine whether a financial literacy program improves financial literacy levels and increases the achievement of savings goals. The savings program we evaluate builds on prior interventions by providing (1) substantially more interactive time with the instructor (nine 1 hour sessions), (2) follow up visits to monitor progress, and (3) by harnessing the group structure of microfinance to allow for the possibility that learning with others increases retention. We randomly assigned one hundred microfinance groups to receive the financial literacy training program, and one hundred groups to serve as a control group.",,2012-01-01,2011-07-01,"Name: University of Pennsylvania, Office of Regulatory Affairs, Institutional Review Board Approval_number: 813101 Approval_date: 2011-02-08",[],"[""[\""finance\"""", ""\""Financial Literacy\""]""]",2013-10-04,,,100.0,,200.0,1,,3000.0,2,[],santosh anagol anagol wharton upenn edu,"[""anandi mani a mani warwick ac uk warwick"", ""santosh anagol anagol wharton upenn edu""]",Santosh Anagol anagol@wharton.upenn.edu,"[""Santosh Anagol anagol@wharton.upenn.edu"", ""Anandi Mani (a.mani@warwick.ac.uk) Warwick""]",,Described in detail in analysis plan.,"Formal and informal savings, financial knowledge, household portfolio choice, consumption.",,,False,,,2013-10-04,Villages were paired according nearest geography and then randomized in to treatment and control by computer.,Village,AEARCTR-0000086,2013,,,,,[],2011-01-01,on_going,on_going,Freedom From Hunger Savings Training Evaluation,,86,http://www.socialscienceregistry.org/trials/86
"For many women in sub-Saharan Africa (SSA), income is highly variable, and financial shocks occur frequently. We are interested in how women cope with such shocks and whether having liquid savings as a safety net may change their coping behaviors. We examine a range of economic behaviors of women and investigate how each behavior responds to shocks, both negative and positive. The primary research question is how the response of these behaviors to shocks is impacted by the presence of liquid savings. Our intervention is designed to provide women with a technology for savings, train them on the importance of savings, provide regular reminders to save, and induce random windfalls so that cash is available for saving. High frequency data collection regarding idiosyncratic shocks as well as outcome behaviors will allow a comparison of behavioral responses across women with exogenously-induced higher levels of personal, liquid savings and women in the control group.",,,f0d1724d2a902b0f049c76860f2d997b5f697b0e,"[""Private""]",,,10.1257/rct.87-1.0,2014-05-30,"Two strata of vulnerable women (widows and sex workers) are each divided randomly into treatment and control groups. The treatment group receives the intervention as described. All participants, treatment and control, are eligible for weekly lotteries.",,[],2013-10-09,False,True,"The treatment group will receive training on precautionary savings, a mobile money account ear-marked for savings, SMS reminders to save, and a chance to win a savings kickstarter (small grant) at the start of the study.",,2014-05-10,2014-02-15,Name: IFPRI Approval_number: n/a Approval_date: 2013-08-09,[],"[""[\""finance\"""", ""\""health\"""", ""\""labor\""]""]",2013-10-09,,,200.0,,400.0,1,,400.0,2,[],kelly jones kmjones gmail com,"[""erick gong egong middlebury edu middlebury college"", ""kelly jones kmjones gmail com""]",Kelly Jones kmjones@gmail.com,"[""Kelly Jones kmjones@gmail.com"", ""Erick Gong (egong@middlebury.edu) Middlebury College""]",,,"saving, transfers, income generating activities, assets, food security, risky sexual behavior",,,True,,,2013-10-09,Treatment assignment randomized by computer. Lotteries are by public draw.,Individual,AEARCTR-0000087,2013,,,,,[],2014-02-01,in_development,in_development,Increasing Savings for Vulnerable Women's Empowerment (iSAVE),,87,http://www.socialscienceregistry.org/trials/87
"The Ghana Graduation from Ultra Poverty (GUP) project is a part of the CGAP/Ford Foundation global initiative, currently being implemented in eight countries, that combines safety net programs with entrepreneurial activities to develop a graduation model for the poorest households. GUP aims to help chronically poor households move from extreme poverty into self-sufficiency over a twenty-four month period by providing treatment households with consumption support, productive assets, financial education, and savings. In addition, the project also seeks to disentangle the relationship of savings from the success of ultra-poverty programs through the Savings Out of Ultra Poverty (SOUP) treatment, which provides both matched and non-matched savings accounts to beneficiaries. In 2010, 3850 households in 241 villages were identified as ultra-poor through a community participatory wealth ranking process. Villages were randomly selected to either receive the GUP or the SOUP treatment or to be a part of the comparison group. Individual households within the treatment villages were then randomly selected to receive various sub-treatments. A baseline survey was completed in February 2011, with midline surveys every six months for the next 2 years. The endline survey was completed in September 2013. An additional agriculture-focused endline survey will be conducted in January 2014, and a follow-up survey in July 2014.",,,6ea4c78568f60f9ae5c240a1b1d8f39f105f1d11,"[""Private""]",,,10.1257/rct.88-1.0,2014-09-01,"Participant communities were identified by our partner organization, Presbyterian Agricultural Services, as poor communities in the Northern and Upper East regions of Ghana lacking strong existing NGO programs. The poorest households within each community were identified using a participatory wealth ranking process. A total of 3850 households were selected in 241 villages. The 241 villages were randomly assigned to a treatment (GUP or SOUP program) or control group. Households within the GUP treatment villages were randomly assigned to one of three groups: full GUP, alternative GUP, or control group. Households within the SOUP treatment villages were also randomly assigned to one of three groups: Matched Savings, Savings with no matching, or control group. The third group served as a pure control group.",,[],2013-11-22,False,True,"The Ghana Graduation from Ultra Poverty (GUP) project consists of two treatment arms, each with two sub-treatments. The first treatment arm received two variations of the GUP program- one with a savings component and the other without it. One half of the households (333 households) received the full GUP program. This consisted of a transfer of livelihood assets chosen by the household, weekly consumption support during the lean season, financial training, and savings accounts. The second half received the alternative GUP program. This consisted of all aspects of the full GUP program except for the savings accounts. The second treatment arm received two variations of the SOUP program. All households received a savings account. Approximately half of the households (362) received a matched contribution to their deposits, while the other half did not (362).",,2013-07-07,2011-07-08,Name: Yale University Human Subjects Committee Approval_number: 1011007628 Approval_date: 2010-11-22,[],"[""[\""finance\"""", ""\""labor\"""", ""\""welfare\"""", ""\""Ultra Poor\"""", ""\""asset transfers\"""", ""\""livelihoods\"""", ""\""savings\""]""]",2013-11-22,,,1299.0,,241.0,1,,3850.0,5,[],dean karlan karlan northwestern edu,"[""christopher udry christopher udry yale edu yale university"", ""dean karlan karlan northwestern edu"", ""innovations for poverty action ipa bram thuysbaert bthuysbaert poverty-action org yale university"", ""j-pal abhijit banerjee banerjee mit edu mit"", ""robert osei rdosei yahoo co uk institute of statistical social and economic research university of ghana""]",Dean Karlan karlan@northwestern.edu,"[""Dean Karlan karlan@northwestern.edu"", ""Bram Thuysbaert (bthuysbaert@poverty-action.org) Yale University, Innovations for Poverty Action (IPA)"", ""Robert Osei (rdosei@yahoo.co.uk) Institute of Statistical, Social and Economic Research, University of Ghana"", ""Christopher Udry (christopher.udry@yale.edu) Yale University"", ""Abhijit Banerjee (banerjee@mit.edu) MIT, J-PAL""]",,,"Consumption, Income, Assets, Savings, Time use, Food security, Financial behavior, Happiness.",,,False,,,2013-11-22,Computerized randomization,"Villages, then within the treatment villages, control households and treatment households",AEARCTR-0000088,2013,,,,,[],2010-11-08,on_going,on_going,Ghana Graduation from Ultra Poverty,,88,http://www.socialscienceregistry.org/trials/88
"Iron deficiency anemia (IDA) has been linked to low productivity in adults, slowing of cognitive and physical growth among children and, in the elderly, increased risk of cognitive impairment and physical disability, as well as decreased muscle strength. Distributing iron supplements appears to be an impractical policy in resource-poor settings where the public health systems do not have the capacity to maintain a large-scale distribution system. Iron supplementation of foods is therefore an attractive alternative: it requires no additional effort on the part of the consumer, and can be done relatively cheaply in centralized locations. While NIN's Iron (and Iodine) Fortified Salt (DFS) has been studied extensively by the National Institute of Nutrition (Hyderabad) and others for safety and efficacy in humans, willingness to pay for this new technology has not been established. In this experiment, we offer a limited, short-term discount off DFS wholesale purchases to private shops in randomly selected villages in order to study competition among retailers and the impact on DFS sales.",,,f322e99198ac17e0e3c92101bbf9876b9906eebc,"[""Private""]",,,10.1257/rct.89-1.0,2014-04-04,"In a larger experiment, we are making DFS available for stores to stock and sell in 200 villages. In this store experiment, we limit our sample to the 189 villages that have at least two private shops. We randomly assign those villages to one of three conditions: 1. All private stores in the village will be offered a limited time discount on the purchase of DFS. 2. One randomly selected private store in the village will be offered the same discount. 3. No private stores in the village will be offered the discount (control group).",,[],2013-10-28,False,True,The experiment's stockist visits the shops in the experiment and offers a discount of Rs. 3 per one kg packet of salt purchased by the store. This offer is made during a visit for taking orders. The salt is delivered the following day and paid for by the store at that time. Stores that run out of DFS are eligible for the discount until the next round of stocking starts by calling the stockist and asking for a delivery. This is the usual method of getting a special (off-cycle) distribution.,,2013-11-19,2013-08-19,Name: MIT COUHES Approval_number: 1101004293 Approval_date: 2013-09-24,[],"[""[\""health\"""", ""\""welfare\""]""]",2013-10-28,,,63.0,,189.0,1,,189.0,3,[],sharon barnhardt sharonbarnhardt gmail com,"[""abhijit banerjee banerjee mit edu mit"", ""esther duflo eduflo mit edu mit"", ""sharon barnhardt sharonbarnhardt gmail com""]",Sharon Barnhardt sharonbarnhardt@gmail.com,"[""Sharon Barnhardt sharonbarnhardt@gmail.com"", ""Esther Duflo (eduflo@mit.edu) MIT"", ""Abhijit Banerjee (banerjee@mit.edu) MIT""]",,"1. The change in the amount of DFS the private store purchases during the incentive round, compared to previous rounds of restocking. 2. The change in the amount of DFS the private store purchases in the restocking round after the incentive round. 3. The price charged to households. 4. Household take-up of DFS. Measurement of these outcomes will be done through a brief, door-to-door household survey and store survey.",Change in retail sales of DFS following the temporary wholesale discount- quantity and price,,,False,,,2013-10-28,Randomization done in office by a computer.,189 Villages,AEARCTR-0000089,2013,,,,,[],2011-04-04,on_going,on_going,Retailer Experiment - Intervention to fight anemia and improve well-being in a very low income setting,,89,http://www.socialscienceregistry.org/trials/89
"In developing countries, identifying the poor for the purposes of redistribution or social insurance programs is challenging because the government lacks reliable information about people’s incomes. In Indonesia, the Government had relied primarily upon two basic types of methods to define the poor: proxy-means testing (PMT) method and community targeting methods. The objective of this study in the near term was to help the Government of Indonesia (Statistics Indonesia – BPS in particular) in formulating better indicators to improve identifying poor households eligible for a variety of assistance programs. And in the long term, the research findings will help to inform the Government about which targeting approaches are most efficient and cost-effective, including a direct comparison of the PMT method versus community targeting methods. This research was a collaborative effort between the Indonesia’s Ministry of Planning (BAPPENAS), Central Bureau of Statistics (BPS), World Bank Office Jakarta (WBOJ) and Jameel Poverty Action Lab (J-PAL).",,true,6de21d9e362951eed844a34e4d5a023427d92650,"[""Indonesia (North Sumatera"", ""South Sulawesi"", ""and Central Java)""]",True,2009-03-14,10.1257/rct.97-1.0,2009-12-31,"Within 3 provinces (North Sumatera, South Sulawesi and Central Java), 640 villages are selected randomly, stratifying the sample to consist of approximately 30% urban and 70% rural. For each village, we randomly selected one sub-village for the experiment. In each sub-village, an unconditional cash transfer was implemented. Each beneficiary household would receive a one time, $3 transfer. Each sub-village was randomly allocated to one of the three targeting methods (Proxy Mean Testing, Community or Hybrid). The number of households that would receive the transfer was set in advance through a geographical targeting approach, such that the fraction of households in a sub-village that would receive the subsidy was held constant, on average, across the treatment. After the beneficiaries were finalized, the funds were distributed. To publicize the lists, the program staff posted 2 copies of it in the visible locations. They also placed a suggestion box and a stack of complain cards next to the list.",,[],2013-11-20,False,False,"We randomly assigned sub-villages to different method of targeting: Proxy Mean Testing (PMT), Community and Hybrid (combination of PMT and community). In the PMT treatment, targeting of households was based on predicting household’s consumption through data on household characteristics. In the community treatment, the residents of the neighborhood determine the list of beneficiaries through a facilitated, participatory poverty ranking exercise held at a community meeting. And the hybrid method combines the community ranking procedure with a subsequent PMT verification before households can be fully eligible.",2009-02-28,2009-02-28,2008-12-01,,[],"[""[\""governance\"""", ""\""Development\"""", ""\""Targeting\"""", ""\""Social Programs\"""", ""\""Poverty\""]""]",2013-11-20,,,209.0,640.0,640.0,3,5756.0,5756.0,5,[],rema hanna remahanna gmail com,"[""abhijit banerjee banerjee mit edu mit"", ""benjamin a olken bolken mit edu mit"", ""julia tobias julia tobias gmail com stanford university"", ""rema hanna remahanna gmail com"", ""vivi alatas valatas worldbank org world bank""]",Rema Hanna remahanna@gmail.com,"[""Rema Hanna remahanna@gmail.com"", ""Julia Tobias (julia.tobias@gmail.com) Stanford University"", ""Vivi Alatas (valatas@worldbank.org) World Bank"", ""Benjamin A. Olken (bolken@mit.edu) MIT"", ""Abhijit Banerjee (banerjee@mit.edu) MIT""]",,"Targeting performance: Household expenditure, community ranking; Satisfaction: fund disbursement, satisfaction, appropriateness, number of households that that should be added to the list, number of households should be subtracted from the list.",Targeting performance and Satisfaction,,,False,,,2013-11-20,Computer random number generator,Village,AEARCTR-0000097,2013,,,,,[],2008-11-01,completed,completed,Effective Targeting of Anti-Poverty Programs in Indonesia,"209 sub villages got PMT method, 214 villages got community method and 217 villages got hybrid method",97,http://www.socialscienceregistry.org/trials/97
"Targeting social transfers to the poor has become a means to improve poverty reduction programs. In Indonesia, the government has launched several large-scale, targeted programs, such as the Direct Cash Transfers (BLT), Health Insurance for the People (Jamkesmas) and Rice for the Poor (Raskin). Ensuring that limited program resources reach the poor instead of non-poor households remains an ongoing challenge. To improve targeting performance, Indonesia’s Ministry of National Development and Planning (BAPPENAS) has asked World Bank and J-PAL to provide technical assistance in devising a unified targeting system that can be used to select the recipients of multiple social programs. As part of this work, This study aims to test the efficacy of different targeting methods in Program Keluarga Harapan (PKH), Indonesia’s Conditional Cash Transfers (CCT) program will be evaluated. Typically, targeting is achieved through Proxy-Means Testing, where the government collects data on asset possession and uses this data to predict who falls below the poverty line. However, this method often results in high error rates (upwards of 40%) and a lack of community satisfaction. In this project, we will focus on two alternative targeting systems that feature greater community involvement: (1) Self-targeting method, wherein the poor apply to be part of the program and are independently verified, and (2) Community inclusion method, wherein the communities modify the government’s existing recipient list.",,,87d80cdff82b78a70430e732ca789a15678c257c,"[""Private""]",True,2011-04-03,10.1257/rct.99-1.0,2014-12-31,"The project was carried out during the 2011 expansion of PKH (Indonesia’s conditional cash transfer Program) to new areas. We chose 6 districts and within these districts, we randomly selected a total of 600 villages. Each of the these villages was randomly allocated to one of three methods for determining which households would be beneficiaries of the program—self-targeting, community targeting, and the status quo, where households are automatically enrolled in PKH based on their PMT score.",,[],2013-11-20,False,True,"We randomly allocated each village to one of two three targeting methodologies: • Proxy Means Testing (PMT): the government collects information on assets and demographic characteristics to create a “proxy” for household consumption or income, and this proxy is in turn used for targeting. • Community Based Targeting: the government allows the community or some part of it (e.g. local leaders) to select the beneficiaries through a pre-specified process. • Self-targeting: In the economic literature, this is called an ordeal mechanism. It imposes requirements on the program that are differentially costly for poor and rich people, dissuading the rich but not the poor from participating.",2011-03-28,2011-03-28,2011-01-17,Name: MIT COUHES Approval_number: 0912003624 Approval_date: 2010-01-21 Name: Harvard Approval_number: F18720-101 Approval_date: 2010-04-02,[],"[""[\""governance\"""", ""\""Development\"""", ""\""Targeting\"""", ""\""Social Programs\"""", ""\""Poverty\"""", ""\""Community Participation\""]""]",2013-11-20,,,200.0,600.0,600.0,1,9.0,9.0,6,[],rema hanna remahanna gmail com,"[""abhijit banerjee banerjee mit edu mit"", ""benjamin a olken bolken mit edu mit"", ""matthew wai-poi mwaipoi worldbank org world bank"", ""rema hanna remahanna gmail com"", ""ririn purnamasari rpurnamasari worldbank org world bank"", ""vivi alatas valatas worldbank org world bank""]",Rema Hanna remahanna@gmail.com,"[""Rema Hanna remahanna@gmail.com"", ""Matthew Wai-Poi (mwaipoi@worldbank.org) World Bank"", ""Ririn Purnamasari (rpurnamasari@worldbank.org) World Bank"", ""Benjamin A. Olken (bolken@mit.edu) MIT"", ""Abhijit Banerjee (banerjee@mit.edu) MIT"", ""Vivi Alatas (valatas@worldbank.org) World Bank""]",,,"Mistargeting, exclusion error, inclusion error",,,False,,,2013-11-20,Computer random number generator,Village,AEARCTR-0000099,2013,,,,,[],2010-12-01,on_going,on_going,Effective Targeting of Anti-Poverty Programs II,"200 villages got self-targeting treatment, 200 villages got community targeting and 200 villages got status quo.",99,http://www.socialscienceregistry.org/trials/99
"Savings groups are part of a micro-savings movement quickly expanding across most of the developing world. Most often organized by NGOs, members of these groups save together, generating funds they then lend out to group members, generating interest on their savings. This study is a randomized evaluation of one prominent program, Saving for Change (SfC) by Oxfam America, Freedom from Hunger, and the Strømme Foundation (OA/FFH) in Mali. We find little evidence that these groups expand business activities, investments in agriculture, or increase expenditures at endline. However, households in treatment villages report improved food security and high frequency surveys demonstrate that consumption variability across seasons is reduced in villages offered SfC. We find no evidence of improvements in health, increased enrollment of children in school, or in women’s social capital, community involvement and intra-household decision-making power.",,,50c6c6641c3ec981efbedd89f824253bc0411915,"[""Mali (Africa)""]",True,,10.1257/rct.102-1.0,2012-06-30,"The experiment was implemented as SfC expanded into new geographic territory. The study sample was comprised of 500 villages in the Segou region. Study villages were divided into 209 treatment villages and 291 control villages. We stratified the randomization by commune and used a re-randomization procedure to ensure balance on a number of village characteristics. Treatment villages were divided into catchment areas of about 15 villages each by OA/FFH and local partner NGOs. In the study area, each hired agent was assigned a catchment area and was instructed to target 10 villages in the first year of implementation (May 2009-April 2010). In the following year (May 2010-April 2011), hired agents continued to support villages targeted the first year and also introduced SfC in the remaining villages in their zone. During the third year (May 2011-April 2012), the number of hired agents decreased and the territories expanded somewhat. Hired agents continued to support existing replicating agents, added extra groups in neighborhoods of big villages/towns, and implemented follow-up to strengthen older groups. In order to investigate the way in which the training method of the replicating agent affects program impacts, treatment villages within each catchment were randomly assigned to one of two replication types. Replicating agents in structured replication villages participated in a formal, three-day training. As part of the training, replicators received a pictorial guide and a certificate stating they are certified to form SfC groups. In organic replication villages, replicating agents were not provided with the formal training and material resources. Hired agents provided support (answering questions and giving advice) to replicating agents, whether in the structured or organic villages. Hired agents were instructed to target an equal number of villages from each replication type within the first year.",,[],2013-11-13,False,True,"Saving for Change (SfC), is a community-based savings group program developed by Oxfam America/Freedom From Hunger. The SfC program builds on the accumulating savings and credit association (ASCA) model, enabling women to organize themselves into simple savings and credit groups. The group members, with technical support from the NGO, are fully responsible for managing funds in the group, making decisions on who receives a loan and the loan amount, and setting the terms and conditions of the loans- including rules on weekly contributions, interest rates and penalties for delayed contributions or repayments. Each group consists of approximately 20 women. At meetings, each woman contributes a savings amount (previously established by the members) to a communal pool, which grows in aggregate size each time the group meets. When a woman needs a loan, she proposes the desired amount to the group. Once all demand has been voiced, the group collectively discusses whether there are enough funds and how to divide funds, and prioritizes requests if there is more demand than funds. Loans must be repaid with interest, at a rate set ex ante by the members. Each group manages its own funds which are entirely internally generated (with no matching or external loans provided), and all transactions occur in front of the group for full transparency. At a predetermined date, the cycle ends and the group divides the entire fund among members, which is referred to as a share-out. In order to address the problem of low literacy rates in Mali, SfC uses an oral accounting system to keep track of savings amounts and outstanding loans. The SfC-promoting NGOs offer significant technical support to SfC groups. The SfC groups are formed and supported by two types of agents: “hired agents” (paid employees of a local NGO and trained formally), and “replicating agents” (local women from a village in which a hired agent formed a group, and trained more informally by the hired agents). The program aims to generate many replicating agents, thus giving the program independence from the activities of the NGO.",2012-06-01,2012-04-30,2009-05-01,Name: Yale University Human Subjects Committee Approval_number: 0901004689 Approval_date: 2009-01-30 Name: Innovations for Poverty Action IRB - USA Approval_number: 08November-001 Approval_date: 2008-11-25,[],"[""[\""finance\"""", ""\""Savings\""]""]",2013-11-13,,,209.0,,500.0,1,,6000.0,3,[],dean karlan karlan northwestern edu,"[""dean karlan karlan northwestern edu"", ""innovations for poverty action bram thuysbaert bthuysbaert poverty-action org yale university"", ""lori beaman l-beaman northwestern edu northwestern university""]",Dean Karlan karlan@northwestern.edu,"[""Dean Karlan karlan@northwestern.edu"", ""Lori Beaman (l-beaman@northwestern.edu) Northwestern University"", ""Bram Thuysbaert (bthuysbaert@poverty-action.org) Yale University, Innovations for Poverty Action""]",,,"Business activities, Investments in agriculture, Expenditures, Food security, Health, Education (Enrollment of children in school), Women's social capital, Community involvement, Intra-household decision making power",,,False,,,2013-11-13,Randomization was done using stata,Villages,AEARCTR-0000102,2013,,,,,[],2009-02-02,completed,completed,Saving for Change,,102,http://www.socialscienceregistry.org/trials/102
"This is an evaluation of the Numeric after-school maths program for Grade 8 students from low-income areas around Cape Town, South Africa. The program, which takes place in school computer labs, uses the free online learning platform called Khan Academy. Globally, Khan Academy is a high-profile education tool, having delivered over 260 million video lessons as of August 2013. Numeric’s added value is the creation of an offline video browser which allows the organization to stream high quality video in a low (or no) bandwidth environment. The evaluation is designed to test the ability of a computer-based intervention that uses large amounts of refined content (in the form of video lessons) and data-driven feedback to improve students’ maths performance. The evaluation takes place in a country that performs at or near the bottom of 8th grade math performance in the Trends in International Mathematics and Science Study (TIMSS) despite a relatively high level of public sector expenditure on education. If successful, the intention is for Numeric to increase the scale of its after-school programs. The evaluation will use creative maths testing procedures to overcome the oft-cited problem in education research of low-stakes assessment tests actually measuring motivation rather than ability. The evaluation will also seek to identify the channels through which the program improves maths performance, thereby equipping education policymakers with valuable information on how to structure similar interventions. Finally, the evaluation will measure impacts on non-math outcomes, including a measure of nonverbal cognitive ability and computer literacy. The evaluation team aims to register this trial prior to endline data collection, cleaning, and analysis.",Private,,604c91a29ec7206237e1dcd71e51afe889fc423f,"[""Private""]",,,10.1257/rct.104-2.0,2014-03-01,"The study employs a student-level randomization, stratifying on school as well as above/below median baseline total math score. We also checked for balance on the math subsections listed above, gender, home computer access, and travel time to school. We re-randomized if the random assignment created unbalance in these measures.",,[],2013-11-11,True,True,"Numeric sessions run twice a week for 1.5 hours at a time during the course of the school year. The sessions are attended by Grade 8 students. The sessions are overseen by ""coaches"", most of whom are working towards a higher education degree. The sessions run immediately after school, in school computer labs. Students normally sit one to a computer. The sessions are not aligned with the South African curriculum. The focus is on improving numeracy. The sessions use online and offline versions of the Khan Academy program.",,2013-11-14,2013-02-13,Name: Faculty of Commerce Ethics in Research Committee at the University of Cape Town Approval_number: UCT/COM/202/2013 Approval_date: 2013-07-01,"[""C93"", ""I21"", ""I24""]","[""[\""education\"""", ""\""math\"""", ""\""after-school\"""", ""\""Khan Academy\""]""]",2013-11-11,"If we assume perfect compliance with random assignment, we should expect between a 0.26 and a 0.28 effect size. However, we expect take-up to be around 80% or less.",0.8,236.0,,,1,,472.0,3,[],lucas crowley lukecrowley gmail com,"[""bianca bohmer biaboh gmail com university of cape town"", ""justine burns justine burns uct ac za university of cape town"", ""lucas crowley lukecrowley gmail com""]",Lucas Crowley lukecrowley@gmail.com,"[""Lucas Crowley lukecrowley@gmail.com"", ""Justine Burns (Justine.Burns@uct.ac.za) University of Cape Town"", ""Bianca Bohmer (biaboh03@gmail.com) University of Cape Town""]",,"In addition to the overall score, the math section will be broken down into: arithmetic, fractions, decimals, patterns, and word problems, as well as grade-level questions. General cognitive ability will be measured by the Raven's Progressive Matrices test. The English measure tests vocabulary, oral comprehension, and reading comprehension. The computer measures include basic knowledge questions and correct keystrokes per minute.","Use of Khan Academy, math test scores, other subject marks, general cognitive skills, computer skills, English language skills",,,False,,,2013-11-11,Stata command,Student,AEARCTR-0000104,2013,,,,,[],2013-01-19,on_going,on_going,After-School Khan Academy Program in Cape Town,,104,http://www.socialscienceregistry.org/trials/104
"Whether the observed association between aflatoxin exposure and stunting in children is causal, and how exposure to this toxin can be mitigated, are open questions. This study comprises a three-arm randomized controlled trial designed to answer both questions. Within 71 randomly selected maize-growing villages of Meru and Tharaka-Nithi counties of Kenya, households that included a pregnant woman or child under 2 years of age were recruited. Villages were randomly assigned to, a post-harvest technology intervention group, an exposure reduction intervention group, or a comparison group. Within the post-harvest group, prices for an aflatoxin mitigation technology were randomly varied across households, as was the opportunity to receive a price incentive for safe stored maize. Primary outcomes in the post-harvest technology sub-study are adoption of the technology and aflatoxin levels in stored maize. Primary outcomes in the exposure reduction sub-study are blood aflatoxin levels in children and child linear growth (LAZ).","November 23, 2016",,18e7674ad7e4fb174e7c9fc96c252b226632dc4f,"[""Kenya (Meru & Tharaka-Nithi Counties)""]",,,10.1257/rct.105-4.0,2017-03-31,"We propose a three arm randomized control trial in which 71 villages will be randomly allocated to an intervention group in which a package of storage technology and best practices are provided (post-harvest group); an intervention in which maize is tested and contaminated maize is swapped (aflatoxin exposure reduction group); and a control group in which information on the health effects of aflatoxin and strategies to mitigate it are provided. Within the post-harvest group, prices for an aflatoxin mitigation technology were randomly varied across households, as was the opportunity to receive a price incentive for safe stored maize. The post-harvest sub-study is designed to investigate the effectiveness of a package of low-cost, post-harvest and storage technologies and practices for reducing aflatoxin contamination in household maize stores, and farmers' willingness to pay for such a technology, with and without a price incentive for aflatoxin-safe grain. The exposure reduction sub-study is designed to answer the following research question: does reduced aflatoxin exposure, holding all else constant, improve child growth?",,[],2013-11-06,True,True,See protocol attached,,2016-10-31,2013-07-01,Name: International Food Policy Research Institute Approval_number: n/a Approval_date: 2012-12-17 Name: African Medical & Research Foundation (AMREF) Approval_number: AMREF-ESRC P49/12 Approval_date: 2012-12-04,[],"[""[\""agriculture\"""", ""\""health\"""", ""\""Aflatoxin\"""", ""\""maize\"""", ""\""child growth\"""", ""\""nutrition\"""", ""\""food safety\""]""]",2017-10-20,See protocol attached,,28.0,,71.0,1,,1852.0,3,[],kelly jones kmjones gmail com,"[""jef leroy j leroy cgiar org ifpri"", ""kelly jones kmjones gmail com"", ""vivian hoffmann v hoffmann cgiar org ifpri""]",Kelly Jones kmjones@gmail.com,"[""Kelly Jones kmjones@gmail.com"", ""Jef Leroy (j.leroy@cgiar.org) IFPRI"", ""Vivian Hoffmann (v.hoffmann@cgiar.org) IFPRI""]",,See protocol attached,Incidence of household maize stores with aflatoxin levels above 10 ppb; willingness to pay for the offered post-harvest technology; incidence of identification of aflatoxin albumin adduct in blood samples; child anthropometrics,,,False,,,2017-10-20,Based on random numbers assigned by computer,Village,AEARCTR-0000105,2013,,,,,[],2013-02-01,completed,completed,Mitigating Aflatoxin Exposure to Improve Child Growth in Eastern Kenya (MAICE),,105,http://www.socialscienceregistry.org/trials/105
"Iron deficiency anemia (IDA) has been linked to low productivity in adults, slowing of cognitive and physical growth among children and, in the elderly, increased risk of cognitive impairment and physical disability, as well as decreased muscle strength. Distributing iron supplements appears to be an impractical policy in resource-poor settings where the public health systems do not have the capacity to maintain a large-scale distribution system. Iron supplementation of foods is therefore an attractive alternative: it requires no additional effort on the part of the consumer, and can be done relatively cheaply in centralized locations. While NIN's Iron (and Iodine) Fortified Salt (DFS) has been studied extensively by the National Institute of Nutrition (Hyderabad) and others for safety and efficacy in humans, willingness to pay for this new technology has not been established. Stores in 200 villages have been stocked with DFS as a part of a larger experiment. In this experiment, we distribute vouchers to 15 sample households in each of 150 randomly assigned villages (voucher is a flyer mentioning that Double Fortified Salt is available at a discounted price for limited time at stores in their village) in order to estimate the impact of information given directly to households on DFS take-up. The remaining 50 villages are assigned to the control condition.",,,9159ee38faa781065100665a6c629d00e2eaaf7a,"[""Private""]",,,10.1257/rct.109-1.0,2014-07-31,"The 200 villages where we work are part of a larger experiment in which we have randomly assigned 200 villages where we make DFS available for purchase and 200 villages where we do not introduce DFS. This voucher trial takes place in the 200 villages where salt is being sold. We are already conducting other trials in these villages, which means we further stratify the sample of 200 villages by their experimental groups before randomly assigning 75% in each strata to the voucher condition and 25% to the control condition. The experimental groups that make up the strata are created as follows (and are registered separately in this registry): 1. What is the impact of free DFS on health? In randomly assigned villages, a randomly assigned subset of households are being given free salt. In control villages no households are given free DFS. [2 groups] 2. What is the impact of providing entertaining information about DFS on sales? In randomly assigned villages, a short and entertaining film about DFS is shown publicly. In the remaining control villages no short film is shown. [2 groups] 3. Can sales be increased by incentivizing individual retail outlets to increase sales? This experiment divides villages into 3 groups after excluding villages without more than 1 private store: all private stores in the village get a temporary discount on DFS, 1 private store gets the temporary discount, and (the control) no stores get a temporary discount. [4 groups including those excluded from randomization] Thus, in all there are 16 strata. In each strata the villages are randomly assigned as mentioned above (in 75% of the villages 15 study households are given vouchers, in the control 25% of villages 15 study households are not given vouchers).",,[],2013-11-21,False,True,"The voucher is a small flyer that advertises the availability of Tata Salt Plus (iron and iodine fortified) at a special price for an unspecified limited time at stores in the village. This allows us to identify the impact of information about product existence given in the household on purchases. In the treatment villages, the voucher is delivered to the household. In control villages, no one receives a voucher. The salt is available for purchase in both control and treatment villages.",,2013-12-31,2013-10-28,Name: M.I.T Approval_number: 1101004293 Approval_date: 2013-09-24,[],"[""[\""health\""]""]",2013-11-21,,,50.0,,3000.0,1,,3000.0,3,[],sharon barnhardt sharonbarnhardt gmail com,"[""abhijit banerjee banerjee mit edu m i t"", ""esther duflo eduflo mit edu m i t"", ""sharon barnhardt sharonbarnhardt gmail com""]",Sharon Barnhardt sharonbarnhardt@gmail.com,"[""Sharon Barnhardt sharonbarnhardt@gmail.com"", ""Abhijit Banerjee (banerjee@mit.edu) M.I.T"", ""Esther Duflo (eduflo@mit.edu) M.I.T""]",,,DFS purchase,,,False,,,2013-11-21,Done in office by a computer,Village,AEARCTR-0000109,2013,,,,,[],2011-03-04,on_going,on_going,Voucher Experiment - Intervention to fight anemia and improve well-being in a very low income setting,,109,http://www.socialscienceregistry.org/trials/109
"Background and Purpose: Millions of people around the world experience abdominal surgery every year. Despite of subsequent advances in anesthesia and surgical care, postoperative pulmonary complications (PPCs) still are a significant problem in modern practice. This study was done to investigate the effect of deep respiratory effect on oxygenation of patient under major abdominal surgery. Design: In this single-blind randomized clinical trial which was done in surgery ward of Shahid Beheshti Hospital in QOM in 2012, forty elective patients who needed major abdominal surgery participated in this study and were divided to two equal groups(control and experimental). Control group had been received routine care but experimental group in addition of ordinary care, repeated deep respiratory exercise four times an hour for 2 consecutive hours. The arrangement of patients about their position, mobility and oxygen therapy were the same. Oxygen saturation, respiratory rate, heart rate, mean blood pressure and the severity of pain in surgery site were measured before and after intervention. Chi-square test, Fischer exact test, t-test, Paired t- test, Wilcoxon rank sum test, Kolmogorov-Smirnov test, loan test and Manvitini test were used for data analyzing. Findings: Before intervention, two groups had no significant difference about demographic characteristics, intermediary factors in oxygenation, the severity of pain in surgery site, pulse rate, mean artery blood pressure, respiratory rate ,and O2 saturation(P>0.05).After the intervention, the change of O2 saturation and the severity of pain in surgery site were significant (P<0.05).Furthermore the results revealed, the deep respiratory exercise can reduce the pain of surgery site and mean blood pressure and increase the O2 saturation in experimental group. Conclusion: Deep respiratory exercise can reduce the severity of pain in surgery site and mean artery blood pressure and increase the O2 saturation in patients after major abdominal surgery",,true,e397db6d6ad1a4bee6706d12eea1dfb13e7fb470,"[""Iran (Islamic Republic of) (Qom)""]",True,2013-05-31,10.1257/rct.113-1.0,2013-05-31,"The participants according to altered randomized blocks were divided to experimental (n=20) and control (n=20) groups. For prevention of any relation between two groups, the patients of each group were hospitalized in separate wards. The day before surgery ,the practical education of deep respiratory exercise was trained to experimental group and wanted them to repeat these exercise several times to make sure the researcher about understanding them. Intervention in experimental group was in such a way that the patients of this group two hours after surgery and consciousness ,in semi sitting position encouraged to respire deeply and gently ,then keep it for 3 number and after that expirate gentle via mouth. During the expiration they should cough 2 times efficiently (during coughing it was educated to patients to keep incision of surgery with pillow). The researcher encouraged the patients to breathe 10 times deeper and deeper. After that they were encouraged to do motivational spirometery for 2 minutes (by using latex gloves without powder). The above circle repeated 4 times each hour for 2 consecutive hours. After and before 8 sessions of deep respiratory exercises, the hemodynamic symptoms including: heart rate and blood pressure, respiratory parameters including: respiratory rate and Oxygen saturation (SpO2) and the severity of pain in surgery site were measured by noninvolved nurse in this study. In control group, except routine care, the deep respiratory exercise schedule was not done. The respiratory symptoms, the severity of surgery site pain and hemodynamic symptoms before and after 2 hours were measured by the same nurse. The arrangement of patients about their mobility, position, oxygen intake and measurement devices were the same. The blood pressure according to The Seventh Report of the Joint National Committee on Prevention Detection, valuation, and Treatment of High Blood Pressure instruction, was measured by mercurial manometer and stethoscope in semi sitting position after 3 minutes of resting. Mercurial manometer and stethoscope of Richter brand after consultation with medical experts was prepared and its stability was proved after retest with another standard device and calculation of Pierson stability factor of these 2 measurements (rdiastol=0.90, rsystol=0.93). Abadis BC pulse oxymeter which was calibrated newly was used in this study. All of interference factors in SPO2 measurement including: the right position of sensor, the same finger in all patients, non-visible anomaly in nail bed, uncovered of nail bed and indirect radiation to sensor were under control.",,[],2013-11-14,False,True,"Intervention in experimental group was in such a way that the patients of this group two hours after surgery and consciousness ,in semi sitting position encouraged to respire deeply and gently ,then keep it for 3 number and after that expirate gentle via mouth. During the expiration they should cough 2 times efficiently (during coughing it was educated to patients to keep incision of surgery with pillow). The researcher encouraged the patients to breathe 10 times deeper and deeper. After that they were encouraged to do motivational spirometery for 2 minutes (by using latex gloves without powder). The above circle repeated 4 times each hour for 2 consecutive hours. After and before 8 sessions of deep respiratory exercises, the hemodynamic symptoms including: heart rate and blood pressure, respiratory parameters including: respiratory rate and Oxygen saturation (SpO2) and the severity of pain in surgery site were measured by noninvolved nurse in this study.",2013-05-01,2013-05-01,2012-05-31,Name: ethic committee of medical science university of Qom Approval_number: 1137646111 Approval_date: 2012-04-12,[],"[""[\""health\"""", ""\""Deep respiratory exercise\"""", ""\""major abdominal surgery\"""", ""\""oxygenation\""]""]",2013-11-14,,,20.0,40.0,60.0,1,40.0,40.0,1,[],ehsan jangholi ehsanjangholi yahoo com,"[""ehsan jangholi ehsanjangholi yahoo com""]",Ehsan Jangholi ehsanjangholi@yahoo.com,"[""Ehsan Jangholi ehsanjangholi@yahoo.com""]",,,Oxygen saturation,False,,False,False,,2013-11-14,Public lottery,blocks,AEARCTR-0000113,2013,,,,,[],2012-05-01,completed,completed,The effect of deep respiratory exercise on oxygenation of patients under major abdominal surgery,20,113,http://www.socialscienceregistry.org/trials/113
"Can higher savings be generated using behavioral economics insights regarding procrastination? With five U.S. universities and a large national record keeper, we will randomize mailings sent to university employees encouraging increased retirement savings. Mailings will allow employees to increase savings by completing a simple form. We will randomly assign eligible employees to receive one of several different mailings. Some recipients will be encouraged to increase savings immediately. Others will be able to choose whether to increase savings immediately or at a time delay (e.g., “in three months”). A third group will receive mailings identical to those in the second group, except the time delay option will correspond to increasing savings on a meaningful future date (e.g., “on your next birthday”). This experiment will test whether an option to enroll “later” increases savings by leveraging individuals’ tendency to prefer putting off virtuous behaviors, as well as whether a salient “later” date can be particularly motivating.",,,e739ed25d87aeda114ddacb1702ed325e5da9234,"[""Private""]",,,10.1257/rct.114-1.0,2014-06-30,We will conduct a large-scale field experiment in collaboration with five U.S. universities and a large national record keeper. Eligible employees will be contacted by mail and be encouraged to increase their retirement savings.We will randomly assign eligible employees to receive one of a few different mailings.,,[],2013-11-23,False,True,,,2013-11-01,2013-10-04,Name: University of Pennsylvania Approval_number: 817560 Approval_date: 2013-10-01,[],"[""[\""finance\"""", ""\""welfare\""]""]",2013-11-23,,,,,26431.0,1,,26431.0,4,[],ting zhang zting sas upenn edu,"[""hengchen dai hengchen wharton upenn edu the wharton school"", ""john beshears beshears gmail com harvard business school"", ""katherine milkman kmilkman wharton upenn edu the wharton school"", ""ting zhang zting sas upenn edu""]",Ting Zhang zting@sas.upenn.edu,"[""Ting Zhang zting@sas.upenn.edu"", ""John Beshears (beshears@gmail.com) Harvard Business School"", ""Katherine Milkman (kmilkman@wharton.upenn.edu) The Wharton School"", ""Hengchen Dai (hengchen@wharton.upenn.edu) The Wharton School""]",,,Registration for the corresponding university's Retirement Plan and Amount contributed to retirement plan.,,,False,,,2013-11-23,Random assignment will be conducted by a computer.,University,AEARCTR-0000114,2013,,,,,[],2013-10-04,on_going,on_going,Save More Later and Particularly after Your Next Birthday: The Effect of Procrastination on Retirement Savings,,114,http://www.socialscienceregistry.org/trials/114
"Limited access to formal financial institutions is considered a constraint on the ability of poor households to pursue various socio-economic goals and manage negative income and health shocks. The current study will evaluate the impact of rural bank branch expansion at both the household and village level, using a randomized controlled trial. Researchers will evaluate a financial service delivery model that uses bank branches in villages to provide a full range of credit, savings, and insurance services to low and medium-income households. The study will assess the impact of financial access in this form on household and community economic outcomes, health, agricultural behavior and social networks. Together with partner organization IFMR Rural Channels, a rural financial services provider with presence in Tamil Nadu, Orissa and Uttarakhand, researchers aim to gain an in-depth understanding of the impact of provision of financial services, as delivered through the KGFS model, in rural Tamil Nadu. Their services provision model, developed and supported by IFMR Rural Finance, focuses on high quality origination through geographically-focused community financial institutions. It provides access to a broad range of products including (but not limited to) loans, savings, insurance and investment options to households using a customized wealth management approach focused on ensuring the suitability of products sold to each household’s unique financial situation. The results of such a study could help shape the development of financial instruments targeted at rural households and inform policy on financial inclusion in India and abroad.",Private,,3780ea3568d2417d7b3c5520ea9dcb6b2977ec31,"[""Private""]",,,10.1257/rct.116-5.0,2017-12-31,"Researchers use a randomized controlled trial (RCT) approach that is built upon a delayed rollout of bank branch openings across rural service areas in Tamil Nadu. Study sites are identified along with the partner service provider, who commits to opening a bank branch in that service area in accordance with the study schedule. Out of 160 proposed study sites, half will be assigned to treatment and half will be assigned to control. The branches and banking activity will be withheld from villages in the control group for a minimum of twenty-four months, in order to provide researchers adequate opportunity to observe measurable effects of the rural banking intervention in the treatment areas. The baseline survey covers approximately 6,800 households in the experimental area; 3,400 of which are households in the treatment group and the remainder 3,400 households in the control group. The assignment to treatment has been done such that each treatment branch has been matched with a control branch based on a variety of geographic and demographic characteristics. This matching for treatment and control allows the study to guard against effects that may result from seasonality or geography rather than the introduction of banking services. Randomized rollout allows researchers to estimate the causal impact of financial services since the presence of a branch will be uncorrelated with village and household characteristics.",,[],2013-11-26,True,True,,,2017-06-01,2010-06-01,Name: Harvard University Institutional Review Board Approval_number: F18330-103 Approval_date: 2009-12-11,[],"[""[\""agriculture\"""", ""\""finance\"""", ""\""health\"""", ""\""labor\"""", ""\""Economic Development\""]""]",2016-05-13,,,80.0,,160.0,1,,6700.0,5,[],rohini pande rohini pande yale edu,"[""chris robert chris robert hksphd harvard edu harvard university"", ""christine binzel christine binzel awi uni-heidelberg de heidelberg university"", ""erica field field erica duke edu duke university"", ""lisa berkman lberkman hsph harvard edu harvard university"", ""rohini pande rohini pande yale edu""]",Rohini Pande rohini.pande@yale.edu,"[""Rohini Pande rohini.pande@yale.edu"", ""Lisa Berkman (lberkman@hsph.harvard.edu) Harvard University"", ""Christine Binzel (christine.binzel@awi.uni-heidelberg.de) Heidelberg University"", ""Erica Field (field.erica@duke.edu) Duke University"", ""Chris Robert (chris_robert@hksphd.harvard.edu) Harvard University""]",,,"Income, assets, consumption, savings, formal financial access, stress, anemia, social networks, agricultural behavior, community trust",,,False,,,2016-05-13,Done in office by a computer.,Community-level,AEARCTR-0000116,2013,,,,,[],2009-09-01,on_going,on_going,The Impact of Improved Access to Formal Financial Institutions in Rural Tamil Nadu: Evidence from a Randomized Control Trial,,116,http://www.socialscienceregistry.org/trials/116
"Is financial aid in higher education an effective use of funds? Research on this question has been complicated both by selection bias and the high implicit tax rates imposed by an array of over-lapping need-based programs. We are conducting a randomized evaluation of private post-secondary aid and support services for low-income students applying to public colleges and universities. The program we studied, which primarily serves a Pell-eligible population, distributes $20 million in aid to over 3,000 students annually. Unlike Pell, however, award criteria included indicators of college readiness. Outcomes of interest include continuation and completion rates, completion times, academic performance, and degrees obtained. Broadly, we are interested in the following two questions: 1) How does financial support affect the educational attainment of recipients? 2) How do support services affect the educational attainment of scholarship recipients? After the initial assessment of educational attainment outcomes, we are interested in following up on labor market outcomes, such as wages and credit.",,,e0fd72205d8b7c69d3c4807d039c665ffc068fff,"[""Private""]",False,,10.1257/rct.125-3.1,2025-01-30,"First, we disqualify students who are ineligible for the scholarship based on their Estimated Financial Contribution (EFC) from the FAFSA Student Aid Report (SAR) and Grade Point Average (GPA). Next, the scholarship provider reviews applications to award scholarships to those students who clearly deserve the scholarship. Simultaneously, reviewers decline applications that do not reflect the values of the scholarship organization. Following the review process, there is a sizable group of applicants on the margin. While there are not enough scholarships to go to each student, reviewers agree that students in this group equally deserve the support. These applicants are stratified by the first-choice school listed on their application. We then randomize the scholarship applicants within each stratum into treatment and control groups: 1) Non-recipients (control) 2) Traditional Scholarship recipients, eligible for support services at providing schools 3) Scholarship-Only recipients, ineligible for support services related to their scholarships* *The third group applies only to the 2013, 2014, 2015, and 2016 cohorts.",,"[""Description:"", ""MIT"", ""Blueprint"", ""Labs"", ""Url:"", ""https://blueprintlabs.mit.edu/""]",2013-11-23,False,True,"The interventions of interest are scholarships and support services. For the 2012 cohort, there is one treatment group that receives a traditional scholarship. This scholarship covers the cost of tuition and fees at public, in-state colleges and universities. At eligible campuses, students who receive the traditional scholarships receive comprehensive support services (e.g., tutoring, special courses, counseling) at participating campuses. For the 2013, 2014, 2015, and 2016 cohorts, we randomize among traditional scholarships and aid-only scholarships.",,2016-04-24,2012-03-15,Name: MIT Committe On the Use of Humans as Experimental Subjects (COUHES) Approval_number: 1112004837 Approval_date: 2012-01-19 Name: MIT Committe On the Use of Humans as Experimental Subjects (COUHES) Approval_number: 2001000081 Approval_date: 2020-02-13,[],"[""[\""education\"""", ""\""finance\"""", ""\""labor\"""", ""\""scholarships\"""", ""\""financial aid\""]""]",2023-11-17,"Percentage: 80 percent power used for all calculations. 1 Year Enrollment: .022 (2.2 percentage point) difference, SD: .15; Credit hours in year 1: 1.2 credit hours, SD: 7.02; GPA in year 1: .15 GPA points, SD: .91",0.8,4.0,,8190.0,1,,8190.0,3,[],josh angrist angrist mit edu,"[""josh angrist angrist mit edu"", ""nber amanda pallais apallais fas harvard edu harvard"", ""nber david autor dautor mit edu mit""]",Josh Angrist angrist@mit.edu,"[""Josh Angrist angrist@mit.edu"", ""David Autor (dautor@mit.edu) MIT, NBER"", ""Amanda Pallais (apallais@fas.harvard.edu) Harvard, NBER""]",,,"Enrollment, Credit hours, GPA, graduation, earnings, credit history",True,https://doi.org/10.7910/DVN/DCTHNS,False,False,,2023-11-17,"Randomization by computer, using stratification by school preference",Applicants,AEARCTR-0000125,2013,"Abstract: Financial aid from the Susan Thompson Buffett Foundation (STBF) provides comprehensive support to a student population similar to that served by a host of state aid programs. In conjunction with STBF, we randomly assigned aid awards to thousands of Nebraska high school graduates from low-income, minority, and first-generation college households. Randomly assigned STBF awards boost bachelor’s (BA) degree completion for students targeting four-year schools by about 8 points. Degree gains are concentrated among four-year college applicants who would otherwise have been unlikely to pursue a four-year program. Degree effects are mediated by award-induced increases in credits earned toward a BA in the first year of college. The extent of initial four-year college engagement explains differences in impact by target campus and across covariate subgroups. The projected lifetime earnings effect of awards exceeds marginal educational spending for all of the subgroups examined in the study. Projected earnings gains exceed funder costs for urban students and for students with relatively weak academic preparation. Citation: Joshua Angrist, David Autor, Amanda Pallais, Marginal Effects of Merit Aid for Low-Income Students, The Quarterly Journal of Economics, Volume 137, Issue 2, May 2022, Pages 1039–1090, https://doi.org/10.1093/qje/qjab050 URL: https://doi.org/10.1093/qje/qjab050",,,,[],2012-01-01,on_going,on_going,Randomized Evaluation of Post-Secondary Financial Aid and Support Services,,125,http://www.socialscienceregistry.org/trials/125
"We implement a randomized trial activating the use of job search via networks for a set of 4700 job seekers in Switzerland. Information was randomized on the level of mandatory information meetings. We collect supplementary information on reservation wages, job search strategies, and some psychological measures. We find activating job seekers to contact their professional network helps women and highly skilled individuals to find jobs more quickly. Activation does not produce effects on job search for men and low skilled individuals. We discuss the relevance of potential explanations using information on a survey administered to all job seekers leaving unemployment during the observation period.",,,d1716eaced2bc0fdb17656e31eab849dcf7aa736,"[""Switzerland (Vaud)""]",,,10.1257/rct.129-1.0,2013-07-01,We contacted all job seekers having to attend mandatory information meetings at the beginning of their unemployment spells. We add information on the use of job search via networks in one meeting out of two.,,[],2013-11-20,False,False,Information on the usefulness of job search via networks. Activation of the use of job search networks.,,2012-04-30,2012-02-01,,[],"[""[\""labor\"""", ""\""welfare\"""", ""\""social networks\"""", ""\""access to employment\"""", ""\""low dose intervention\""]""]",2013-11-20,not available,,50.0,,4700.0,1,,4700.0,3,[],rafael lalive rafael lalive unil ch,"[""daniel oesch daniel oesch unil ch university of lausanne"", ""giuliano bonolie giuliano bonoli idheap unil ch university of lausanne"", ""rafael lalive rafael lalive unil ch""]",Rafael Lalive rafael.lalive@unil.ch,"[""Rafael Lalive rafael.lalive@unil.ch"", ""Daniel Oesch (Daniel.Oesch@unil.ch) University of Lausanne"", ""Giuliano Bonolie (Giuliano.Bonoli@idheap.unil.ch) University of Lausanne""]",,,"unemployment duration, job finding, quality of jobs",,,False,,,2013-11-20,One meeting out of two (pseudo-random),people attending a mandatory meeting,AEARCTR-0000129,2013,,,,,[],2012-02-01,completed,completed,SOCNET,,129,http://www.socialscienceregistry.org/trials/129
"Small-scale farming continues to be the principal source of nutrition, employment and income for a majority of the population in developing countries. A large literature has documented the frequent absences of small scale farmers from their own field during the cropping season to engage in short-term ""ganyu"" labor outside of their households. Qualitative evidence suggests that the observed labor supply off-farm is neither planned nor desired by household, but rather a coping strategy employed by financially distressed households to overcome short-term credit constraints. However, research on the relationship between short-term credit constraints and labor supply is scarce. To identify the causal impact of short-term constraints on agricultural productivity through farms’ labor supply, we propose to conduct a cluster randomized controlled trial, which will provide selected households with access to maize loans during the farming season. In the first year of the study, loan programs will be announced after cropping decisions are made. This will allow us to isolate short-run adjustment on the labor supply margin, and any resulting impact on agricultural productivity. During the second year of the study, the loans will be announced to a subset of farmers before cropping decisions are made. This will allow us to measure the combined effect of adjustments in the overall production plans as well as in the short-term labor allocation. In order to distinguish credit supply from basic income effects, income transfers corresponding to the net value of the credits will be made to a subgroup of farmers. We will also provide cash loans to a selected group of farmers to measure the impact of the in-kind nature of the loan programs on uptake, repayment, resource allocation, productivity and harvest outcomes. The tested interventions are easily scalable, and, if successful likely to be implemented both by government and non-government agencies.","March 10, 2014",false,bddef2b540ad81b8e53e7e64133b4b46572e5664,"[""Zambia (Eastern Province)""]",True,2015-12-30,10.1257/rct.130-4.0,2015-12-31,"Clusters will be randomly assigned to cash loans, maize loans or control group.","In order to assess the effect of short-term credit constraints on labour allocation decisions, we propose to conduct a cluster-randomized trial. As part of the study, farmers will be allocated to 3 groups: a control group, a maize loan group, and a cash credit group. In the first year of the trial, credit interventions will not be announced until January, which is the beginning of the “hungry season” and, with the final harvest only 3 months away, the beginning of the most labour-intensive part of the farming season. At this point in the season, farmers have made their cropping decisions. The main objective of this first phase of the project is to assess the labour supply impact of short-term credit constraints, i.e. to assess the degree to which additional resources affect household labour allocation. The primary goal is to 1) measure the degree to which the elimination of credit constraints lowers the provision of off-farm labour, 2) increases the hiring of outside labour in the short-run, and 3) affects final harvest outcomes. Maize loans will be offered in early January, and will give farmers the option to obtain one 50kg bag of maize per month from January to March. Since zero-interest loans constitute a net transfer to farms, we will provide direct income transfers to a subset of farmers. The comparison of farmers in main treatment groups with the subsample of farmers in the control group receiving direct income transfers will allow us to separate the credit access mechanisms from the direct income effect of the maize program. While one of the innovation of the proposed study lies in the provision of food loans, the fundamental mechanism addressed in this proposal is the impact of short-term credit constraints on agricultural labor supply. The comparison between the control and the cash credit arm will allow us to directly assess the degree to which farming outcomes are affected by credit constraints. While we conjecture that maize loans will have a larger impact on farm productivity than cash loans, the relative difficulty of enforcing cash repayment is likely to affect both uptake and repayment rates, and thus also the relative feasibility of both programs. The parallel introduction of cash credits will allow us to directly assess these claims empirically, i.e. to assess whether maize is used differently from cash credit and if yes, which loan program compares more favorably with respect to final agricultural production. While short-term increases in production are of interest, the most important question addressed in the proposed study is whether short-term improvements in yields can have persistent positive effects on agricultural productivity. Higher yields resulting from the intervention in Year I should lower the likelihood of households facing food shortages in the subsequent year. A very successful short-term intervention therefore has the potential to permanently alter household productivity. These effects may be even larger if farmers are aware of future credit options at the beginning of the farming season. The availability of credit during the farming season should, as outlined in the theoretical model above, alter farmer’s plot size and crop choices at the beginning of the season, and lead to larger overall adjustments. To distinguish wealth from anticipated credit access mechanisms, 50% of treated farmers will be offered a continuation of the loan programs in Phase II of the program, while 50% of farmers will not be offered any further loan options. We expect farmers who received a loan in Year I to be on average wealthier at the beginning of the second season. By comparing farmers with continued programs to farmers who no longer get the programs we will be able to identify the additional effects (and extensive margin adjustments) achieved by allowing farmers to adjust their production plan to newly available credit options before starting field operations. We will measure wages within the study villages and on nearby large farms to help identify more general labor market impacts.",[],2013-11-21,True,True,Selected farmers will be provided with access to short-term cash or maize loans.,2015-09-30,2015-06-30,2014-01-06,Name: Harvard Human Research Protection Program Approval_number: IRB13-1832 Approval_date: 2013-10-15,[],"[""[\""agriculture\"""", ""\""health\"""", ""\""labor\"""", ""\""welfare\"""", ""\""credit constraints\"""", ""\""short-term loans\""]""]",2024-10-22,The study is powered to detect an increase in farm production value of 10% (ITT).,0.1,60.0,175.0,180.0,1,3139.0,3600.0,3,[],g nther fink guenther fink swisstph ch,"[""felix masiye fmasiye yahoo com university of zambia"", ""g nther fink guenther fink swisstph ch"", ""kelsey jack kelsey jack tufts edu tufts university""]",Günther Fink guenther.fink@swisstph.ch,"[""Günther Fink guenther.fink@swisstph.ch"", ""Felix Masiye (fmasiye@yahoo.com) University of Zambia"", ""Kelsey Jack (Kelsey.Jack@tufts.edu) Tufts University""]",,"The primary question is whether access to loans can improve farm productivity, which we will measure as the total production value generated by each farm. The main mechanisms through which we expect credit constraints to affect productivity is on-farm labor supply - which is therefore our secondary outcome. Since short-term resources may also affect consumption and nutrition, we will analyze child nutrition as third outcome.",The primary endpoint is total value of harvest produced by farms. Secondary outcomes are on-farm labor supply and nutrition.,True,https://www.aeaweb.org/articles?id=10.1257/aer.20180607,True,True,https://www.aeaweb.org/articles?id=10.1257/aer.20180607,2024-10-22,Randomization will be done in office by a computer.,Cluster/ villages of farmers,AEARCTR-0000130,2013,"Abstract: Rural economies in many developing countries are characterized by a lean season in the months preceding harvest, when farmers have depleted their cash and grain savings from the previous year. To identify the impacts of liquidity during the lean season, we offered subsidized loans in randomly selected villages in rural Zambia. Ninety-eight percent of households took up the loan. Loan eligibility led to increases in on-farm labor and agricultural output, driving up wages in local labor markets. Larger effects for poorer households suggest that liquidity constraints contribute to inequality in rural economies. Citation: Fink, Günther, B. Kelsey Jack, and Felix Masiye. 2020. ""Seasonal Liquidity, Rural Labor Markets, and Agricultural Production."" American Economic Review, 110 (11): 3351–92. URL: https://www.aeaweb.org/articles?id=10.1257/aer.20180607",,,,[],2013-11-01,completed,completed,"Food Constraints, Yield Uncertainty and “Ganyu” Labour","3,139 study households across 175 clusters",130,http://www.socialscienceregistry.org/trials/130
The study evaluates whether the sourcing of insecticide-treated nets and their distribution to smallholder farmers for free would be a profitable investment for a cotton outgrowing agribusiness in Zambia.,,false,fa695f73d0fb226fbae444fea67a515599c83947,"[""Zambia ()""]",True,2012-12-01,10.1257/rct.133-3.0,2012-12-31,"Treatment: Insecticide-treated net Smallholder farmers in the treatment group are informed that they won a raffle, and receive a free insecticide-treated net Device: Insecticide-treated net (BASF Incerceptor) One per farmer, once during the 2010-2011 season No Intervention: Control Smallholder farmers in the control group are informed that they had a chance to win an insecticide-treated mosquito net in a raffle, but did not end up winning",,"[""Description:"", ""Background"", ""documents"", ""Url:"", ""https://www.openscienceframework.org/project/vdS5m/"", ""Description:"", ""Clinicaltrials"", ""registration"", ""Url:"", ""http://clinicaltrials.gov/show/NCT01397851""]",2013-12-15,False,True,Distribution of Insecticide-treated mosquito nets,2011-12-28,2011-01-28,2011-01-20,Name: UNZA IRB Approval_number: not applicable Approval_date: 2010-12-01,"[""AND"", ""C93"", ""FAR"", ""I39"", ""Q12""]","[""[\""agriculture\"""", ""\""health\"""", ""\""Malaria\"""", ""\""insecticide-treated nets\"""", ""\""smallholder\"""", ""\""outgrowers\"""", ""\""contract farming\"""", ""\""agricultural productivity\"""", ""\""public-private partnerships\""]""]",2013-12-15,"given preliminary data on available intracluster correlation and likely available nets as of September 2010, the MDE on was estimated to be 7$ in absolute terms. see protocol for details.",,39963.0,1507.0,1507.0,1,81472.0,81597.0,1,[],richard sedlmayr richard sedlmayr gmail com,"[""richard sedlmayr richard sedlmayr gmail com""]",Richard Sedlmayr richard.sedlmayr@gmail.com,"[""Richard Sedlmayr richard.sedlmayr@gmail.com""]",,See clinicaltrials.gov registration NCT01397851,"Cotton yields, contract defaults, Increase in maize productivity, self-reported malaria incidence",False,,False,False,,2013-12-15,Computer,Cluster (Dunavant Distributor),AEARCTR-0000133,2013,"Abstract: PRIVATE SECTOR PERSPECTIVE (DUNAVANT): ECONOMIC EFFECTS see URL Citation: Sedlmayr, Richard, On the Economic Impact of Malaria Control, Some Discordant Evidence (November 21, 2013). Available at SSRN: http://ssrn.com/abstract=2358045 URL: http://ssrn.com/abstract=2358045 Abstract: PUBLIC SECTOR PERSPECTIVE (NMCP): HEALTH EFFECTS see URL Citation: Sedlmayr, R., Fink, G., Miller, J. M., Earle, D., & Steketee, R. W. (2013). Health impact and cost-effectiveness of a private sector bed net distribution: experimental evidence from Zambia. Malaria Journal, 12:102 . URL: http://www.malariajournal.com/content/12/1/102",clinicaltrials.gov: NCT01397851,,,[],2010-12-23,completed,completed,Commercial Viability of Malaria Control: The Outgrower Opportunity,"739 T, 768 C",133,http://www.socialscienceregistry.org/trials/133
"While much has been written about the potential benefits of mentoring in academia, very little research documents its effectiveness. We use a randomized controlled trial to evaluate a mentoring program for female economists organized by the Committee for the Status of Women in the Economics Profession (CSWEP) and sponsored by the National Science Foundation and the American Economics Association. We have evaluated the performance of three cohorts of participants and randomly-assigned controls from 2004, 2006, and 2008. Ongoing work continues the evaluation of longer term outcomes for these three cohorts and investigates outcomes for three additional cohorts--2010, 2012, and 2014. Our interim assessment of the program’s effects for the first three cohorts suggests that mentoring works. After five years the 2004 treatment group averaged .4 more NSF or NIH grants and 3 additional publications, and were 25 percentage points more likely to have a top-tier publication. There are significant but smaller effects at three years post-treatment for the 2004 and 2006 cohorts combined. While it was too early to assess the ultimate effects of mentoring on the academic careers of program participants from these cohorts, the results suggest that this type of mentoring may be one way to help women advance in the Economics profession and, by extension, in other male-dominated academic fields.",,,43a2e150639319c939ecce95ed65f178de257dfb,"[""Private""]",,,10.1257/rct.136-1.0,2014-01-07,"Qualified applicants to the CSWEP mentoring program were first divided into groups by field, and then randomly allocated to participate in the CeMENT Mentoring program (treatments) or not to participate (controls). Data were collected from both treatments and controls at the point of application. Subsequent data on outcomes were collected from publicly available sources such as on-line vitas for both groups.",,"[""Description:"", ""Blau,"", ""Francine"", ""D.,"", ""Janet"", ""M."", ""Currie,"", ""Rachel"", ""T."", ""A."", ""Croson,"", ""and"", ""Donna"", ""K."", ""Ginther."", ""2010."", ""\""Can"", ""Mentoring"", ""Help"", ""Female"", ""Assistant"", ""Professors?"", ""Interim"", ""Results"", ""from"", ""a"", ""Randomized"", ""Trial.\"""", ""American"", ""Economic"", ""Review,"", ""100(2):"", ""348-52."", ""DOI:"", ""10.1257/aer.100.2.348"", ""Url:"", ""http://www.aeaweb.org/articles.php?doi=10.1257/aer.100.2.348""]",2013-12-02,False,False,"The American Economic Association (AEA) Committee on the Status of Women in the Economics Profession (CSWEP) has sponsored biannual mentoring workshops for junior female faculty since 2004. For each cohort (wave), we use a randomized controlled trial to evaluate this program. We first screen out unqualified applicants and then divide applicants into groups by field of economics and randomly allocate qualified applicants to participate in the CEMENT Mentoring program (treatments) or not to participate in the program (controls). Data were collected from both treatments and controls at the point of application. Subsequent data on outcomes were collected from publicly available sources such as on-line curriculum vitas for both groups. There will be at least 6 cohorts in total (2004, 2006, 2008, 2010, 2012, 2014).",,2014-01-07,2004-01-04,,"[""A11"", ""NON"", ""OCC"", ""ROL""]","[""[\""education\"""", ""\""labor\"""", ""\""gender\"""", ""\""employment\"""", ""\""mentoring\"""", ""\""discrimination\"""", ""\""economics\"""", ""\""economists\"""", ""\""higher education\""]""]",2013-12-02,,,6.0,,6.0,1,,6.0,4,[],francine blau fdb cornell edu,"[""arlington rachel croson croson uta edu university fo texas"", ""donna ginther dginther ku edu university of kansas"", ""francine blau fdb cornell edu"", ""janet currie jcurrie princeton edu princeton university""]",Francine Blau fdb4@cornell.edu,"[""Francine Blau fdb4@cornell.edu"", ""Janet Currie (jcurrie@princeton.edu) Princeton University"", ""Rachel Croson (croson@uta.edu) University fo Texas, Arlington"", ""Donna Ginther (dginther@ku.edu) University of Kansas""]",,,"Publications total, publicatons top tier, grants, remaining in academia, tenure, tenure at institution of first job",,,False,,,2013-12-02,Randomization was done in office by drawing names from a hat.,Randomization was within groups defined by field of specialization for each of 6 cohorts (waves),AEARCTR-0000136,2013,,,,,[],2003-09-15,on_going,on_going,Evaluating the CSWEP Mentoring Program for Female Junior Faculty in Economics,,136,http://www.socialscienceregistry.org/trials/136
"Project Summary 1. Intellectual Merit Type of Proposal: Full Research and Development Strand: Scale-up & Sustainability The Advanced Placement curriculum developed by the College Board aims to prepare high school students for the rigor of college coursework. In collaboration with NSF, the NRC, and educators across the nation, the Board is revising AP science courses to better develop students’ ability to conduct scientific inquiry. The revised courses emphasize depth of inquiry and application as opposed to the acquisition of limited knowledge in many content areas. The new courses in biology and chemistry will be launched in 2012, 2013, and 2014. The Board plans to provide supports to teachers to help them implement the new AP curricula, including online resources and community building activities. The goals of our study are to conduct a formative and summative evaluation of the new curriculum and produce findings that can be used by the Board and educators to strengthen the teaching of advanced science courses in high school. We will recruit and provide resources to schools to launch a new inquiry-based AP Biology or Chemistry course, and randomly assign students within the recruited schools access to the newly-offered courses. To evaluate and improve the fidelity of AP course implementation, we will conduct surveys, interviews, and observations of teachers and students in the AP courses, and provide real-time feedback to educators. Our summative evaluation will determine the effects of the scaled-up, inquiry-based curricula on students’ ability to conduct scientific inquiry and their overall educational performance and aspirations, including the number, quality, and type of colleges to which students apply and enroll. We will examine variation in the effects of the new courses according to students’ prior level of preparation and the level of fidelity with which the courses are implemented. 2. Broader Impact The results of this study will impact schools’ willingness and capacity to offer AP and other college-level inquiry-based science courses and will enhance scholarship on the effects of inquiry-based science teaching and learning by: (1) providing evidence of the challenges and successes encountered by schools that expand access to rigorous inquiry-based science courses and to teachers who teach the courses to students with different levels of preparation; (2) providing estimates of the impact of taking these courses on students’ progress in higher educational attainment and continuation on the path to becoming future scientists and engineers; and (3) creating opportunities for regular communication between practitioners and researchers around implementation and program improvement, thus enhancing the infrastructure for research and education. The results of this study will provide the first experimental evidence on the effects of taking an inquiry-based AP science course on students’ educational progress generally and their success in STEM fields in particular. As there have been widespread federal and state policy efforts to increase the availability of AP courses and the number of students taking such courses, the results of this research will help inform such policy efforts in the future.",,,f9e8e7fede36cf11c79d020975cac11a4571c7ce,"[""Private""]",,,10.1257/rct.140-3.0,2017-09-15,Random assignment at the individual level.,,[],2013-11-22,False,True,Randomized access of eligible high schools students to a newly offered Advanced Placement biology or Advanced Placement chemistry course.,,2016-06-30,2013-08-16,Name: University of Washington Approval_number: 42836 Approval_date: 2012-04-13,"[""I21"", ""J24""]","[""[\""education\"""", ""\""labor\"""", ""\""Advancement Placement Courses\"""", ""\""Science Education\"""", ""\""High School to College Transitions\""]""]",2013-11-22,,,,,40.0,1,,4800.0,3,[],mark long marklong washington edu,"[""dylan conger dconger gwu edu george washington university"", ""jr raymond mcghee sri com sri international raymond mcghee"", ""mark long marklong washington edu""]",Mark Long marklong@washington.edu,"[""Mark Long marklong@washington.edu"", ""Raymond McGhee, Jr (raymond.mcghee@sri.com) SRI International"", ""Dylan Conger (dconger@gwu.edu) George Washington University""]",,"a) students' interest in and ability to conduct scientific inquiry; b) students' confidence in their ability to successfully engage in college-level material; c) the number and quality of the colleges to which students apply; d) enrollment in a 4-year college upon high school graduation; e) enrollment in a more selective 4-year college; and f) desire to pursue a STEM major in college. In the second period of the research, we plan to evaluate the effect of the courses on students’ choice of and success in STEM majors as well as their overall college performance, including grades and whether they graduate within four, five, and six years.","Scientific inquiry skills, high school to college transitions, college succsess.",,,False,,,2013-11-22,Randomization done in office by a computer,Individual student,AEARCTR-0000140,2013,,NSF 1220092,,,[],2012-09-16,on_going,on_going,Evaluation of the Sustainability and Effectiveness of Inquiry-Based Advanced Placement Science Courses: Evidence from an In-Depth Formative Evaluation & Randomized Controlled Study,,140,http://www.socialscienceregistry.org/trials/140
"Can higher savings be generated using behavioral economics insights regarding procrastination? With five U.S. universities and a large national record keeper, we will randomize mailings sent to university employees encouraging increased retirement savings. Mailings will allow employees to increase savings by completing a simple form. We will randomly assign eligible employees to receive one of several different mailings.",,,3a36f5b41f259bb78a654e979995696662587230,"[""Private""]",,,10.1257/rct.144-1.0,2014-06-30,We will conduct a large-scale field experiment in collaboration with five U.S. universities and a large national record keeper. Eligible employees will be contacted by mail and be encouraged to increase their retirement savings.We will randomly assign eligible employees to receive one of a few different mailings.,"We will randomly assign eligible employees to receive one of several different mailings. Some recipients will be encouraged to increase savings immediately. Others will be able to choose whether to increase savings immediately or at a time delay (e.g., “in three months”). A third group will receive mailings identical to those in the second group, except the time delay option will correspond to increasing savings on a meaningful future date (e.g., “on your next birthday”).",[],2013-11-24,False,True,We will randomize mailings sent to university employees encouraging increased retirement savings. Mailings will allow employees to increase savings by completing a simple form. We will randomly assign eligible employees to receive one of several different mailings.,,2013-11-01,2013-10-04,Name: University of Pennsylvania Approval_number: 817560 Approval_date: 2013-10-01 Name: University of Pennsylvania Approval_number: 817560 Approval_date: 2013-10-01,[],"[""[\""finance\""]""]",2013-11-24,,,30.0,,26431.0,1,,26431.0,4,[],hengchen dai hengchen wharton upenn edu,"[""hengchen dai hengchen wharton upenn edu"", ""john beshears beshears gmail com harvard business school"", ""katherine milkman kmilkman wharton upenn edu university of pennsylvania"", ""shlomo benartzi benartzi ucla edu""]",Hengchen Dai hengchen@wharton.upenn.edu,"[""Hengchen Dai hengchen@wharton.upenn.edu"", ""Shlomo Benartzi (benartzi@ucla.edu)"", ""John Beshears (beshears@gmail.com) Harvard Business School"", ""Katherine Milkman (kmilkman@wharton.upenn.edu) University of Pennsylvania""]",,,Registration for the corresponding university's Retirement Plan and Amount contributed to retirement plan,,,False,,,2013-11-24,By a computer,individual,AEARCTR-0000144,2013,,,,,[],2013-10-04,on_going,on_going,Save More Later and Particularly after Your Next Birthday: The Effect of Procrastination on Retirement Savings,,144,http://www.socialscienceregistry.org/trials/144
"Teenage pregnancies are common in many low-income countries, but the reasons for why teenage girls become pregnant are not well understood. This is particularly unfortunate in a low-income context where pregnancy among young girls can result in illegal and often dangerous abortions, the spread of HIV/AIDS and, more generally, poor health, educational, and economic outcomes. The present study takes place in Tanzania and investigates the fertility and economic decisions of girls when they are on the verge of making two of the most important decisions in their lives: what to do when leaving school and whether to start childbearing. The present project investigates whether early childbearing reflects a lack of empowerment among young girls in Tanzania, with a focus on two different empowerment strategies. First, we offer an information treatment where young girls are targeted with detailed and extensive information about reproductive health, gender equality, and rights. Second, we offer an opportunity treatment where young girls are targeted with entrepreneurship training to improve their skills on how to run a business. Both treatments aim at empowering girls, but through different channels. The information treatment represents in many ways the classical approach in the field, where the underlying idea is that teenage pregnancies reflect lack of relevant information and personal control. The opportunity treatment, on the other hand, investigates whether teenage pregnancies to a large extent reflect a lack of economic opportunities. By comparing these two treatments, the study will provide novel insights on the relative importance of providing information and opportunities to adolescent girls, which is important both from a theoretical and a policy perspective. In addition, since there may be important complementarities in how the two treatments work, we also offer a cross-treatment to a sub-sample of the girls. An ultimate goal of this research project is to inform the design of sound policies, and we are thus particularly careful to develop a cost-effective intervention with scaling-up potential: all treatments are evaluated and compared not only in terms of impact but also on their relative economic costs. The interventions are based on current practices of our partners, which makes it easier to scale up the successful parts of the project and, more generally, to use the knowledge from the project to improve existing policies.","December 03, 2013",,d7ccbc30d32096cd7ace93af7bdd2e8d845dbb06,"[""Private""]",,,10.1257/rct.150-1.0,2013-12-31,"We sampled schools with at least 20 girls in Form IV in the following regions: Tabora, Singida, Morogoro and Dodoma. In each school, we did a baseline survey of the girls enrolled in Form IV and surveyed the headmaster of each school, who provided us with detailed information about school characteristics. The schools were then randomly allocated to the control group or one of the three treatments. The randomization was blocked by school-size (below or above 40 girls in Form IV) and by region. After the baseline survey, one or two teachers per (treated) school attended a one week instructor session organized by Femina HIP (two weeks for the teachers involved in the combined treatment). After this instructor sessions, the teachers implemented the training sessions (treatments) with all the Form IV girls of their school. The single treatments had 8 training sessions of 1.5 to 2 hours, 1 session per week. The cross-treatments had 16 training sessions of 1.5 to 2 hours, two sessions per week. The short-term follow-up survey was done within six weeks after the last training session. The survey data was collected by the girls filling in a questionnaire in the classroom. In addition, we collected incentivized data on knowledge (i.e. the students received a payment for each correct answers) and their willingness to compete. We also surveyed 5 boys in Form IV in each school to measure spill-over effects of the treatments. For more details, see the attached questionnaires and instructions.",,[],2013-12-03,True,False,"Together with our partner Femina HIP, a leading NGO on reproductive health in Tanzania, we have decided to focus on girls who are in their last year of secondary school (Form IV in Tanzania). They are in the age interval where we observe a sharp increase in fertility. Most of them will not have access to further schooling, and will thus have to consider other opportunities, including opening a small scale business, which is a very common activity in the areas of this study. The interventions consist in training sessions offered in a classroom setting on a weekly basis for eight weeks: 1) Reproductive health information treatment: An information course on reproductive health, gender equality, and rights. Femina HIP, together with the research team, designed a tailored information program for the targeted girls, which provided both practical and objective information about reproductive health, such as information about contraception and the consequences of risky sexual behavior. In addition, the course focused on gender equality, rights, and women’s empowerment. 2) Economic opportunity treatment: EntrepreneursHIP training to improve economic opportunities. Femina HIP, together with the research team, designed a tailored entrepreneursHIP program for the targeted girls, which provided the girls with knowledge on how to establish and run their own business. Topics included customer care, marketing, record keeping, pricing of products, personal finance, and sessions aiming at improving entrepreneurial mindset and self-confidence. 3) Cross-treatment: Information and opportunity We also offered a cross-treatment, where the students received both the reproductive health information and entrepreneursHIP training, to investigate possible complementarities in how the two treatments work. The girls that were offered this training met twice a week for eight weeks.",,2013-09-30,2013-07-01,,[],"[""[\""education\"""", ""\""finance\"""", ""\""health\"""", ""\""entrepreneurship\"""", ""\""gender\"""", ""\""reproductive health\""]""]",2013-12-03,power of 80% (with a 5% confidence interval),0.8,17.0,,62.0,1,,3.0,7,[],bertil tungodden bertil tungodden nhh no,"[""bertil tungodden bertil tungodden nhh no"", ""bertil tungodden bertil tungodden nhh no nhh and cmi"", ""kjetil bjorvatn kjetil bjorvatn nhh no nhh"", ""lars ivar oppedal berge lars ivar berge nhh no nhh and cmi"", ""linda helgesson sekei linda dpc-tz com dpc"", ""tausi kida tkida esrf or tz esrf"", ""vincent somville vincent somville cmi no cmi""]",Bertil Tungodden bertil.tungodden@nhh.no,"[""Bertil Tungodden bertil.tungodden@nhh.no"", ""Vincent Somville (vincent.somville@cmi.no) CMI"", ""Linda Helgesson Sekei (linda@dpc-tz.com) DPC"", ""Tausi Kida (tkida@esrf.or.tz) ESRF"", ""Kjetil Bjorvatn (kjetil.bjorvatn@nhh.no) NHH"", ""Lars Ivar Oppedal Berge (lars.ivar.berge@nhh.no) NHH and CMI"", ""Bertil Tungodden (bertil.tungodden@nhh.no) NHH and CMI""]",,"We measure key outcomes in four different dimensions: knowledge, behavior, gender-equality and empowerment. Three dimensions, knowledge, behavior and gender-equality, are measured specifically for health and entrepreneursHIP, and thus we expect a stronger effect from the corresponding treatment intervention. The empowerment outcomes apply across health and entrepreneursHIP. In sum, we thus have seven outcomes in largely unrelated domains. Knowledge: K1 = knowledge in reproductive health. We ask 7 incentivized questions about reproductive health (part 8 of the short-term follow-up questionnaire). In each question, the respondent must choose one among four possible answers. The outcome K1 is equal to the number of correct answers on these questions. Here and elsewhere we will also consider reporting the standardized outcome measure K2 = knowledge related to business practices We ask 5 incentivized questions about business (part 7 of the short-term follow-up questionnaire). In each question, the respondent must choose one among four possible answers. The outcome K2 is equal to the number of correct answers on these questions. Behavior: B1 = indicator of safe sex practices This binary variable is equal to one if the respondent reports not having sex or using a condom when she has sex (which means reporting 5 or 6 in question 6.3.1 in the short-term follow-up questionnaire). B2 = current plans to open a business This binary variable is equal to one if the respondent reports already having made plans to open a business once the school year is completed (question 4.3 in the short-term follow-up questionnaire). Gender equality G1 = acceptance of gender-based violence We ask the following question that comes from the DHS - Tanzania: “do you agree that a husband is justified in hitting or beating his wife if (answer YES or NO) (question 6.3.5 in the short-term follow-up questionnaire): 1) she burns the food 2) she argues with him 3) she goes out without telling him 4) she neglects the children 5) she refuses to have sexual intercourse with him” G1 is constructed as in the DHS reports and is equal to the number of YES answers given by the respondent. G2 = acceptance of women’s higher earnings We ask whether they agree that “it is acceptable to me that a wife earns more money than her husband” (question 5.2.6 in the short-term follow-up questionnaire). The response is on a scale of 1 to 5, where 1 is strongly disagrees and 5 is “strongly agrees”. G2 is equal to the response value. This is question 5.2.6 in the short-term follow-up questionnaire. Empowerment E1 = willingness to compete In an incentivized lab setting, E1 is a binary variable equal to one if the respondent chooses a competitive game rather than a fixed-payment game (question 9.2.4 in the short-term follow-up questionnaire). E2 = Empowerment index This index is constructed from the seven questions in 2.1 and 2.2 in the short-term follow-up questionnaire. Questions 2.2.1, 2.2.2 and 2.2.4 are inverted so that in all questions, a lower score reflects a higher empowerment. To examine the overall impact of the interventions on the empowerment index and to account for multiple hypotheses testing, we estimate the overall average treatment effect on the index. The overall average treatment effect is estimated by combining the effects on each of questions using the method of Kling and Liebman (2004) and Kling, Liebman and Katz (2007). We will also report the estimates on the individual questions.","K1, K2, B1, B2, G1, G2, E1, E2, defined below.",,,False,,,2013-12-03,"We randomized at the school-level, with blocking to ensure balance in two dimensions: - school size (more or less than 40 girls in Form IV) - region (Tabora, Singida, Morogoro and Dodoma) We followed David McKenzie and Miriam Bruhn’s recommendations in dealing with the uneven numbers in some strata and in doing the randomization used the stata code they shared on the World Bank’s “Development Impact” blog on the 11th of June 2011.","We randomized at the school level. In each school, the unit of observation is all the girls enrolled in Form IV in the school-year of 2013.",AEARCTR-0000150,2013,,,,,[],2013-04-01,on_going,on_going,Girl's Economic Empowerment: a Randomized Experiment in Tanzanian Schools,,150,http://www.socialscienceregistry.org/trials/150
"Migrant remittances are one of the largest international financial flows to developing countries. In 2008, migrant remittances sent to developing countries amounted to US$338 billion, roughly three times larger than foreign aid flows. However, very little is known about how the development impact of these funds can be maximized. The hypothesis driving this research is that remittances may have greater long-run development impact when migrants sending these remittances are given more control and monitoring over how the funds are used by recipients. Surveys of migrants consistently find that education is among the most important categories of expenditures that migrants seek to fund in the home country. This project tests the impact of providing migrant workers with a better ability to control the use of remittances for education, and to monitor the educational performance of sponsored students. We will focus on overseas Filipino workers in Rome. In collaboration with a major Philippine bank remittance channel and a respected Philippine NGO with expertise in managing privately-funded educational scholarships, the principal investigators will evaluate demand for and the impact of a new educational payment and monitoring facility. This facility – dubbed EduPay – will provide overseas Filipinos with the ability to pay educational institutions in the Philippines directly from overseas, without channeling the funds through a relative or other “trustee”, and also provide information to the overseas migrant on the performance (attendance, grades) of the sponsored student.",,,25067e22eb1b4ac1606df1f2db70d71feaed4596,"[""Private""]",,,10.1257/rct.151-1.0,2014-01-31,"A sample of Filipino migrants in Rome will be randomly chosen to be offered this product during the pilot phase,. The project will then be able to study which migrants use the new product when offered it. The survey instrument is administered to respondents that are randomly intercepted at times and dates that vary by location. For a better coverage of the population of interest the survey is going to be achieved at multiple location. During the first pilot phase several locations are scouted to ensure the presence of the Filipinos migrants. A list of the popular places that is “the aggregation points”, where migrants tend to meet is made. We choose 5 fix points and several events during the months when the baseline is occurring. Primary sampling units are as combinations of locations and time segments where surveying will take place at the location. Interviewers are assigned to each location during specified time spans who will conduct the interviews, will carefully record also the refusal rates along with gender and coded province where the migrant comes from.",,[],2013-12-06,False,True,,,2013-11-30,2012-11-01,Name: Health Sciences and Behavioral Sciences Institutional Review Board; University of Michigan Approval_number: HUM00040481 Approval_date: 2010-06-23,[],"[""[\""education\"""", ""\""Migration\"""", ""\""Remittances\""]""]",2013-12-06,,,167.0,,167.0,1,,501.0,4,[],dean yang deanyang umich edu,"[""david mckenzie dmckenzie worldbank org world bank"", ""dean yang deanyang umich edu"", ""erwin tiongson etiongson worldbank org world bank"", ""giuseppe de arcangelis giuseppe dearcangelis uniroma it university of rome la sapienza""]",Dean Yang deanyang@umich.edu,"[""Dean Yang deanyang@umich.edu"", ""David McKenzie (dmckenzie@worldbank.org) World Bank"", ""Erwin Tiongson (etiongson@worldbank.org) World Bank"", ""Giuseppe De Arcangelis (giuseppe.dearcangelis@uniroma1.it) University of Rome \""La Sapienza\""""]",,"Immediate outcomes include number of individuals whose education is being sponsored by the migrant and the migrant’s relationship with these individuals, changes in remittance-sending by the migrant (to establish whether existing resource flows are to some extent “cannibalized” by the new educational financing), and changes in household expenditures and investments (to see whether amounts saved when migrants are paying for school fees are simply redeployed to other uses, or whether total expenditures and investments in the household rise). In addition, it is important to examine changes in school attendance and performance of school-age individuals in the origin household. If migrants take up the new facilities but there is no effect on number of students sponsored or on schooling in the origin household, then this would suggest that the new facilities are simply more convenient ways to undertake payments and monitoring, and don’t help solve control problems. Evidence more consistent with the facilities solving control and monitoring problems would be that migrants sponsor more students and/or that schooling and performance rise in the origin household","Increase in Remittances for Education, Increase in Number of Students sponsored by EduPay",,,False,,,2013-12-06,In all a sample of 501 respondent will be drawn during the August-December baseline 2012. Migrants will also randomly be assigned by a public lottery to one of the three treatment groups “lab-in-the-field” games that will vary in whether the household in the Philippines knows or does not know about their allocation decisions in the incentivized budget allocation choice section.,These treatments will be randomized at the individual respondent level,AEARCTR-0000151,2013,,USAID,,,[],2012-09-01,on_going,on_going,Increasing the Development Impact of Migrant Remittances: A Field Experiment on Educational Finance by Migrant Workers,,151,http://www.socialscienceregistry.org/trials/151
"In developing countries, most low income families obtain almost all of their income from working, and remain in poverty primarily because they can earn only low wages and low incomes in self-employment. One relatively simple policy that has the potential to increase incomes for certain types of workers is the provision of eyeglasses. Many adults in developing countries work in handicraft production, and many of them require adequate eyesight to produce handicraft items in sufficient quantity and quality. As these workers get older, their vision typically deteriorates. One common problem is hyperopia, which is more commonly called farsightedness. Older adults with hyperopia lose their ability to focus on objects that are very near to them. They lose their ability to read books and other documents and, more generally, experience a reduction in their ability to do any work for which they must focus on objects that are less than 1-2 meters from their eyes. Almost all types of hyperopia can be corrected with simple reading glasses, yet in many developing countries the use of any kind of eyeglasses is rare, especially among the poor. This randomized control trial (RCT) investigates the impact on worker productivity of providing reading glasses to adults who have developed hyperopia. More specifically, it focuses on Rwandan women in weaving cooperatives who make baskets, earrings, and other handicraft objects from grasses, reeds and other natural fibers. Weaving productivty (in terms of both quantity and quality) was directly measured under conditions designed for minimum distraction.",,,68f45d29164d9105f4fce23e74c7b1121f4e5afa,"[""Private""]",,,10.1257/rct.161-1.0,2014-01-15,"Eight groups, each with about 30 women handicraft weavers, were randomly assigned to treatment or control groups (4 treatment and 4 control). Baseline data on weaving productivity were collected at the end of September 2013. Vision tests were given to all women. Those in the treatment group with hyperopia were offered reading glasses, and all accepted. About 2 weeks later their productivity was measured again, and at the end the control group women with hyperopia were offered reading glasses.",,[],2013-12-20,False,True,Providing reading glasses to handicraft weavers who are farsighted (hyperopia).,,2013-10-15,2013-09-23,Name: Tufts University IRB Approval_number: 1304020 Approval_date: 2013-09-06,[],"[""[\""health\"""", ""\""labor\"""", ""\""Eyeglasses\"""", ""\""Handicraft weaving\""]""]",2013-12-20,,,30.0,,,1,,240.0,2,[],paul glewwe pglewwe umn edu,"[""julie schaffner julie schaffner tufts edu tufts university"", ""paul glewwe pglewwe umn edu""]",Paul Glewwe pglewwe@umn.edu,"[""Paul Glewwe pglewwe@umn.edu"", ""Julie Schaffner (julie.schaffner@tufts.edu) Tufts University""]",,,Speed in making earring set. Quality of earring set. Value per minute of time spent weaving.,,,False,,,2013-12-20,Coin flip,Groups of about 30 basket weavers,AEARCTR-0000161,2013,,,,,[],2013-09-23,on_going,on_going,Assessment of the Impact of Receiving Eyeglasses on Productivity in Handicraft Weaving in Rwanda,,161,http://www.socialscienceregistry.org/trials/161
"Many foreign aid agencies fund large-scale agricultural training for farmers in developing countries, but little rigorous research has been conducted on whether these programs are effective. We used a clustered randomized controlled trial to estimate the effectiveness of a U.S. government-funded farmer training program that trained more than 50,000 farmers throughout Armenia. Three years after farmers received training, training did not increase household income or consumption. Training also did not affect mediating outcomes, such as adoption of agricultural practices or changes in cultivation of crops, which suggests that longer-term impacts are unlikely to materialize. Many farmers lacked the financial means to invest in the types of practices that were the focus of the curricula, and farmers were also often unwilling to try new crops that have higher up-front costs even if they are much more profitable in the long run. Our findings highlight the challenges that even a well-implemented training program has in spurring behavioral change among farmers and the challenges of providing effective services when foreign aid agencies prioritize having a large programmatic footprint. These challenges were central to the lack of impacts of this particular program but are underplayed when foreign aid agencies decide whether to fund agricultural training programs.",,false,9c59ad817726babe338365fbdb4626ecb0c7fe9a,"[""Armenia ()""]",True,2011-04-30,10.1257/rct.162-1.0,2013-03-31,"Randomly assigned rural Armenian villages (or groups of small, neighboring villages) to a treatment group who were eligible for training immediately, a control group who were eligible for training 3 years later, or a non-research group who were eligible for training earlier but not included in the data collection. Random assignment was stratified by water user association (administrative units that manage irrigation systems for all communities in a given area). Household surveys were conducted at baseline and three years later (before the control group was eligible for training).",,[],2013-12-07,False,False,"Trained Armenian farmers (many of whom were subsistence farmers) in efficient irrigation methods, cultivation of higher-value crops, and new agricultural technologies.",2011-09-30,2011-09-30,2007-10-01,,"[""C93"", ""F35"", ""O12"", ""O13"", ""O19"", ""O33""]","[""[\""agriculture\"""", ""\""Training\""]""]",2013-12-07,,,112.0,189.0,189.0,1,3547.0,3547.0,1,[],kenneth fortson kfortson mathematica-mpr com,"[""kenneth fortson kfortson mathematica-mpr com""]",Kenneth Fortson kfortson@mathematica-mpr.com,"[""Kenneth Fortson kfortson@mathematica-mpr.com""]",,,"Adoption of higher-value crops, adoption of new technologies, increased income and consumption",True,http://data.mcc.gov/evaluations/index.php/catalog/1/overview,False,True,http://data.mcc.gov/evaluations/index.php/catalog/1/overview,2013-12-07,"Randomization was conducted on a computer at a public event in Yerevan, Armenia.","Village (in some cases, small neighboring villages were grouped together)",AEARCTR-0000162,2013,"Abstract: Many foreign aid agencies fund large-scale agricultural training for farmers in developing countries, but little rigorous research has been conducted on whether these programs are effective. We used a clustered randomized controlled trial to estimate the effectiveness of a U.S. government-funded farmer training program that trained more than 50,000 farmers throughout Armenia. Three years after farmers received training, training did not increase household income or consumption. Training also did not affect mediating outcomes, such as adoption of agricultural practices or changes in cultivation of crops, which suggests that longer-term impacts are unlikely to materialize. Many farmers lacked the financial means to invest in the types of practices that were the focus of the curricula, and farmers were also often unwilling to try new crops that have higher up-front costs even if they are much more profitable in the long run. Our findings highlight the challenges that even a well-implemented training program has in spurring behavioral change among farmers and the challenges of providing effective services when foreign aid agencies prioritize having a large programmatic footprint. These challenges were central to the lack of impacts of this particular program but are underplayed when foreign aid agencies decide whether to fund agricultural training programs. Citation: Blair, Randall, Kenneth Fortson, Joanne Lee, and Anu Rangarajan. ""Should Foreign Aid Fund Agricultural Training? Evidence from Armenia."" Princeton, NJ: Mathematica Policy Research, 2013. URL: http://mathematica-mpr.com/publications/PDFs/international/Armenia_wp.pdf",,,,[],2007-08-15,completed,completed,Evaluating Agricultural Training in Armenia,"112 treatment, 77 control",162,http://www.socialscienceregistry.org/trials/162
"This study evaluates a field experiment in which a non-profit organization (FLVQ) offered enhanced vision services to a randomly selected group of Title 1 elementary schools in three large central Florida school districts during the fall of the 2011-2012 school-year. This is the first study in the U.S. to use a randomized trial to estimate the impact of vision services on student outcomes. In order to rigorously test of the efficacy of FLVQ’s services, we conducted a randomized trial targeting 4th and 5th grade students in Title 1 schools where FLVQ had not had a significant presence over the last two years. The randomization was done at the school level in three school districts (i.e. three counties). Schools were assigned to one of two intervention groups or to a control group. The first intervention group received additional/enhanced vision screening. The second intervention group received additional/enhanced vision screening as well as free onsite eye exams by an optometrist and free eyeglasses as needed. The control group received no vision services from FLVQ. Preliminary results find that providing additional/enhanced screening alone is not enough to improve student outcomes. In two of the three school districts studied, the intervention which included free exams by an optometrist and free eyeglasses as needed significantly improved student achievement as measured by the FCAT. When we focus on these two school districts, we find that, averaging over all students – including those who did not receive eyeglasses – FCAT level scores (which range from 1-5) increased on the order of 0.08 for reading and 0.09 for math in schools where FLVQ provided screenings and follow-up vision services. This evidence is robust to different specifications and the effect is stronger for low-income students and for students with poor vision. This is a large effect and suggests that vision services are more cost-effective than many other potential uses of district and/or state funds. These preliminary results are based on data from the 2012 FCAT. When the test was administered, students who received free eyeglasses had had their glasses for only a few months. Future drafts will include data for the 2013 FCAT to track the effect over time.",,false,351e6236b34f0c045ae6fa8afccdde6123bbd8b3,"[""United States of America (Florida)""]",True,2013-05-16,10.1257/rct.167-4.0,2014-06-30,"The randomization was done at the school level in each of three school districts (i.e. three counties), for students in grades 4 and 5. Schools were assigned to one of two intervention groups or to a control group. Only Title 1 schools were included. Schools were ranked by prior test scores, and randomization was done in blocks defined by prior test scores.",,[],2013-12-10,False,True,The first intervention group received additional/enhanced vision screening. The second intervention group received additional/enhanced vision screening as well as free onsite eye exams by an optometrist and free eyeglasses as needed. The control group received no vision services from FLVQ.,2012-01-31,2012-03-01,2011-08-01,Name: University of Minnesota Institutional Review Board Approval_number: 1109S04064 Approval_date: 2011-10-13,[],"[""[\""education\"""", ""\""health\"""", ""\""Eyeglasses\""]""]",2023-11-08,,,43.0,76.0,88.0,1,15422.0,18000.0,2,[],paul glewwe pglewwe umn edu,"[""kristine west klwest stkate edu st catherine university"", ""paul glewwe pglewwe umn edu""]",Paul Glewwe pglewwe@umn.edu,"[""Paul Glewwe pglewwe@umn.edu"", ""Kristine West (klwest@stkate.edu) St. Catherine University""]",,,Scores on the Florida Comprehensive Achievement Test,False,,False,False,,2023-11-08,Done using random number generator in an Excel spreadsheet.,Schools,AEARCTR-0000167,2013,"Abstract: More than 20 percent of all school-aged children in the United States have vision problems, and low-income and minority children are disproportionately likely to have unmet vision care needs. Vision screening is common in U.S. schools, but it remains an open question whether screening alone is sufficient to improve student outcomes. We implemented a multi-armed randomized controlled trial (RCT) to evaluate the impact of vision screening, and of vision screening accompanied by eye exams and eyeglasses, provided by a non-profit organization to Title I elementary schools in three large central Florida school districts. We find that providing additional/enhanced screening alone is generally insufficient to improve student achievement in math and reading. In contrast, providing screening along with free eye exams and free eyeglasses to students with vision problems improved student achievement as measured by standardized test scores. We find, averaging over all students (including those without vision problems), that this more comprehensive intervention increased the probability of passing the Florida Comprehensive Achievement Tests (FCATs) in reading and math by approximately 2.0 percentage points. We also present evidence that indicates that this impact fades out over time, indicating that follow-up actions after the intervention may be necessary to sustain these estimated achievement gains. Citation: Glewwe, Paul, Kristine West and Jongwook Lee. 2018. ""The Impact of Providing Vision Screening and Free Eyeglasses on Academic Outcomes: Evidence from a Randomized Trial in Title I Elementary Schools in Florida"". Journal of Policy Analysis and Management 37(2):265-300. URL: https://onlinelibrary.wiley.com/doi/10.1002/pam.22043",,,,[],2011-08-01,completed,completed,The Impact of Providing Eyeglasses on Academic Outcomes of Disadvantaged Students: Evidence from a Randomized Trial in Florida Elementary Schools,"38 control schools 19 schools provided vision screening, but no offer of free eyeglasses 19 schools provided both vision screening and free eyeglasses offered to students with vision problems",167,http://www.socialscienceregistry.org/trials/167
"This study investigates the impact of formal property rights on agricultural investment and the channels – access to credit, tenure security, and gains from trade – through which this effect may occur. The research question will be tested within the context of the Comprehensive Agrarian Reform Program (CARP) in the Philippines, where collective titles have been issued to groups of farmers as a transition mechanism to hasten the land acquisition and distribution process. The government is now subdividing these collectively titled lands to formalize individual property rights (referred hereafter as parcelization), and the study will exploit this program to conduct a cluster-randomized controlled trial (randomizing collective titles into treatment and control groups) with the goal of understanding the impact of rights on investment and the degree to which the lack of formal rights limits financial market development.",Private,false,fba181ecb03f970b6c5e7d93587bf7c52466225f,"[""Philippines ()""]",True,2020-02-08,10.1257/rct.168-2.2,2017-10-30,"The heart of the evaluation design is a cluster-randomized controlled trial that randomly selects collective titles to be subdivided, or ""parceled out"". The control group will not be parcelized for at least two years of the evaluation, allowing sufficient time for farmers to make significant agricultural investment decisions before a follow-up survey is conducted.",We will collect data on farmers' parcels whether they are inside the subdivided area or not. This will help us at follow-up to distinguish between different mechanisms behind investment by comparing 'outside' parcels (outside of the subdivided area) of farmers in the treatment and control groups. These are not affected by new sets of property rights we may detect investment changes due to increased access to capital or other types of spillover effects from getting property rights over land inside the subdivided area.,[],2013-12-16,True,True,"The intervention being evaluated is the parcelization program described in the abstract. The Department of Agrarian Reform is subdividing land that is collectively titled by conducting land surveys and issuing individual titles to those farmers previously listed under the collective title. Note that although land may be collectively titled, a distinction must be made between farm ownership and management: most of the farms under these titles are farmed individually, not collectively.",2018-03-01,2015-05-06,2014-10-06,"Name: University of Maryland, College Park Approval_number: 488988-1 Approval_date: 2013-11-18",[],"[""[\""agriculture\"""", ""\""property rights\"""", ""\""agrarian reform\""]""]",2024-01-15,,,250.0,324.0,500.0,1,631.0,2800.0,1,[],snaebjorn gunnsteinsson sgunnste umd edu,"[""snaebjorn gunnsteinsson sgunnste umd edu""]",Snaebjorn Gunnsteinsson sgunnste@umd.edu,"[""Snaebjorn Gunnsteinsson sgunnste@umd.edu""]","Description: Impact evaluation report Citation: Castro-Zarzur,Rosa; Gordoncillo,Prudenciano Uljer; Gunnsteinsson,Snaebjorn; Jarvis,Forest Brach; Johnson,Hillary C.; Perova,Elizaveta; Srouji,Peter Gabriel. Land Rights in Transition : Preliminary Experimental Evidence on How Changes in Formal Tenure Affect Agricultural Outcomes, Perceptions, and Decision-making in the Philippines (English). Washington, D.C. : World Bank Group. http://documents.worldbank.org/curated/en/701041593703934375/Land-Rights-in-Transition-Preliminary-Experimental-Evidence-on-How-Changes-in-Formal-Tenure-Affect-Agricultural-Outcomes-Perceptions-and-Decision-making-in-the-Philippines URL: https://documents1.worldbank.org/curated/en/701041593703934375/pdf/Land-Rights-in-Transition-Preliminary-Experimental-Evidence-on-How-Changes-in-Formal-Tenure-Affect-Agricultural-Outcomes-Perceptions-and-Decision-making-in-the-Philippines.pdf",,"agricultural investment, output, profit, and welfare",True,https://doi.org/10.7910/DVN/2LYWNU,True,True,https://doi.org/10.7910/DVN/2LYWNU,2024-01-15,Randomization done in office by a computer,Collective land titles,AEARCTR-0000168,2013,,OW4/1990,,,[],2014-04-25,completed,completed,Land Property Rights and Agricultural Investment in the Philippines: Experimental Evidence on Impacts and Mechanisms,"159 treatment titles, 165 control titles",168,http://www.socialscienceregistry.org/trials/168
"The vast majority of new HIV infections occur in sub-Saharan Africa, where nearly 2 million people become infected with HIV/AIDS every year. Forty-five percent of these new HIV infections occur among people under 25 years old, and nearly all of them are due to unprotected sex. Ensuring the adoption of safer sexual behavior among youth is critical to keeping the new generations free of HIV. This research study aims to examine, through a large randomized controlled trial, the impact of two HIV prevention strategies among a youth population in Kenya: Voluntary Counseling and Testing for HIV (VCT), and condom distribution.",,,0b487d99bf7dffa153fc21a20f52abfb4f86af06,"[""Private""]",,,10.1257/rct.170-1.0,2014-07-01,"The study is an unblinded, individually randomized controlled trial. It has 4 study arms – a control arm and three treatment arms (VCT, Free Supply of Condoms, VCT and Free Supply of Condoms), with 25% of the sample allocated to each arm. The study is being implemented in four districts of Kenya’s Western Province (Butere, Mumias and Bungoma South and Bungoma East), spanning an area of approximately 50,000 square kilometers. The study sample is composed of 10,306 youths (half of them female) who were 17 to 22 years old in 2009 at the start of this study. These youth participated in a baseline survey at the start of the study which involved a detailed questionnaire and blood sample collection for HSV-2 testing. Subjects were immediately offered their assigned intervention, and then were followed up two years later with an end line survey and another round of blood sample collection.",,[],2013-12-17,False,True,"The study will evaluate two HIV/AIDS prevention strategies among youth in Kenya either alone or combined. Specifically, the following interventions are being evaluated: Intervention 1: Voluntary Counseling and Testing for HIV (VCT) VCT is a critical entry point for access to HIV/AIDS treatment and care, and is being scaled up in many countries. But VCT could also be a powerful prevention tool. By providing personalized counseling as well as information about high-risk behaviors, VCT could motivate people to adopt safer sexual behavior and prevent transmission of HIV. This could be particularly important for adolescents and young adults, who typically have had their sexual debut but might not have perfect information about HIV risk. They are often still HIV-negative, and might be better able to change their sexual behavior. Intervention 2: Distribution of free condoms Despite strong evidence of the biological effectiveness of the male condom as an HIV prevention strategy, condom use continues to remain low in many countries. Several factors, such as low availability, cost, lack of education about condoms and how to use them, and relationship factors contribute to low usage. This study examines whether free and easy access to a large quantity of condoms can result in a reduction of risky behaviors and a decline in transmission of STIs among youth.",,2010-07-31,2009-02-01,Name: UCLA Approval_number: G08-09-085-01 Approval_date: 2008-11-19 Name: Stanford University Approval_number: 24687 Approval_date: 2012-06-18 Name: Kenya Medical Research Institute Approval_number: Non-SSC No. 038 Approval_date: 2008-10-17 Name: MIT Approval_number: 0809002873 Approval_date: 2008-09-23,[],"[""[\""health\"""", ""\""HIV/AIDS\"""", ""\""HSV-2\"""", ""\""condom\"""", ""\""VCT\""]""]",2013-12-17,,,2550.0,,,1,,10306.0,3,[],esther duflo eduflo mit edu,"[""esther duflo eduflo mit edu"", ""pascaline dupas pdupas stanford edu stanford university"", ""vandana sharma vsharma povertyactionlab org j-pal""]",Esther Duflo eduflo@mit.edu,"[""Esther Duflo eduflo@mit.edu"", ""Pascaline Dupas (pdupas@stanford.edu) Stanford University"", ""Vandana Sharma (vsharma@povertyactionlab.org) J-PAL""]",,,"Herpes Simplex Virus Type 2 (HSV-2) prevalence, HIV knowledge, attitudes and behaviours",,,False,,,2013-12-17,Randomization done in office by computer,individual,AEARCTR-0000170,2013,,,,,[],2009-02-01,on_going,on_going,THE IMPACT OF VCT AND CONDOM DISTRIBUTION AS HIV PREVENTION STRATEGIES AMONG YOUTH IN KENYA,,170,http://www.socialscienceregistry.org/trials/170
"The MCC-CDD Philippines study is a rigorous impact evaluation of a large-scale community-driven development (CDD) program, Kalahi-CIDSS, implemented by the Government of the Philippines. The evaluation will measure the social capital, governance and socio-economic effects of the program. In order to understand the program’s impacts, the study has randomly assigned 198 eligible municipalities into treatment and control groups. This randomization involved pairing comparable municipalities (based on their province, poverty levels and population densities) and holding public lottery drawings to allocate one of the municipalities in each pair to the treatment group that would be eligible to participate in the program. The study will measure the program's impacts through surveys of households and community leaders in a random sample of villages from the 198 randomly selected municipalities participating in the study (one village per municipality).","October 01, 2014; October 20, 2015",,ef4e6364f9cf978a323ecfd31304721e7a48e1c7,"[""Private""]",,,10.1257/rct.171-9.0,2019-12-31,"This study consists of 198 randomly selected municipalities. The randomization involved pairing comparable municipalities (based on their province, poverty levels and population densities) and holding public lottery drawings to allocate one of the municipalities in each pair to the treatment group that would be eligible to participate in the program. The study will measure the program's impacts through surveys of households and community leaders in a random sample of villages from the 198 randomly selected municipalities participating in the study (one village per municipality).",,[],2013-12-22,True,True,,,2015-12-31,2012-06-01,Name: Innovations for Poverty Action IRB-USA Approval_number: 434.12June-002 Approval_date: 2016-06-16,[],"[""[\""governance\"""", ""\""welfare\"""", ""\""Community-Driven Development\""]""]",2018-01-24,,,99.0,,198.0,1,,198.0,6,[],amanda beatty amandabeatty post harvard edu,"[""agnese carrera acarrera poverty-action org ipa"", ""amanda beatty amandabeatty post harvard edu"", ""aniceto orbeta aorbeta gmail com u of philippines"", ""ariel benyishay ariel benyishay gmail com william mary aiddata"", ""elisabeth king e king nyu edu nyu"", ""menno pradhan m p pradhan vu nl vu amsterdam""]",Amanda Beatty amandabeatty@post.harvard.edu,"[""Amanda Beatty amandabeatty@post.harvard.edu"", ""Ariel BenYishay (ariel.benyishay@gmail.com) William & Mary / AidData"", ""Elisabeth King (e.king@nyu.edu) NYU"", ""Menno Pradhan (m.p.pradhan@vu.nl) VU Amsterdam"", ""Aniceto Orbeta (aorbeta@gmail.com) U. of Philippines"", ""Agnese Carrera (acarrera@poverty-action.org) IPA""]",,,"Consumption, labor force participation, community participation, trust, corruption",,,False,,,2018-01-24,Public lottery,Municipality,AEARCTR-0000171,2013,,,,,[],2011-05-01,on_going,on_going,MCC-CDD Philippines,,171,http://www.socialscienceregistry.org/trials/171
"Despite recent increases in institutional deliveries in India, birth outcomes have been slow to improve. One likely explanation is low quality medical care, which is common in many parts of India. Low quality medical care in India cannot simply be attributed to insufficient medical knowledge among providers. Instead there is evidence that, even among knowledgeable clinicians, provider effort is very low – suggesting poor alignment between clinician incentives and patient health. To address low quality medical care directly, we are conducting a policy experiment in Karnataka to evaluate the effectiveness of financial incentives to maternity care providers for (a) the clinical quality of services (e.g., assessing the mother’s blood pressure on arrival during labor) provided to women from their patient lists and catchment areas, and (b) rates of adverse maternal and neonatal health outcomes (e.g., rates of post-partum hemorrhage) among women from their patient lists and catchment areas. Performance bonuses for clinical quality hold some promise for better aligning physician incentives with patient needs. Moreover, directly rewarding lower rates of adverse maternal and neonatal health outcomes flexibly identifies a socially desirable outcome without rigidly prescribing how it should be achieved – allowing local providers to use their local knowledge of what health improvement strategies are likely to work best.","December 20, 2013; July 07, 2016",,d8f17e620b00b4ce4114092bb34a00865723ae85,"[""India (Karnataka)""]",,,10.1257/rct.179-6.0,2014-06-30,"Providers are randomly assigned to one of two treatment groups, where incentive payments are based on health care quality or health outcomes, or to a control group.",,"[""Url:"", ""http://www.cohesiveindia.org/research-projects.html""]",2013-12-18,True,True,,,2014-06-30,2013-02-01,Name: Duke University Health System Institutional Review Board Approval_number: Pro00031046 Approval_date: 2011-06-02,"[""I10"", ""I13"", ""J33"", ""O15""]","[""[\""health\"""", ""\""labor\"""", ""\""Pay for performance\"""", ""\""contracting\"""", ""\""health care\"""", ""\""incentives\""]""]",2016-07-07,,,47.0,,164.0,1,,15000.0,2,[],manoj mohanan manoj mohanan duke edu,"[""grant miller ngmiller stanford edu stanford university"", ""manoj mohanan manoj mohanan duke edu""]",Manoj Mohanan manoj.mohanan@duke.edu,"[""Manoj Mohanan manoj.mohanan@duke.edu"", ""Grant Miller (ngmiller@stanford.edu) Stanford University""]",,,"quality of obstetric care, maternal and neonatal health outcomes",,,False,,,2016-07-07,by computer,health care provider,AEARCTR-0000179,2013,,ClinicalTrials: NCT01480544,,,[],2013-02-01,completed,completed,Performance based contracts in healthcare: experimental evaluation of contracting based on inputs and outcomes,,179,http://www.socialscienceregistry.org/trials/179
"This study aims to gain a greater understanding of heterogeneity between individuals in willingness to experiment with new technologies, how dispersed information on willingness to experiment is within a community, and how that information can be used to allocate subsidies for new (experience-good) technologies in a way that enables learning about the potential returns to the technology faster and thus maximizes long-run technology adoption. Our experiment focuses on an agricultural hip-pump designed to be used for vegetable growing during the dry season. The experiment will consist of several possible ""introductory subsidy schemes"" randomized at the village level. Within a village, farmers whose land is suitable for pump use will either be a) randomly assigned to receive a voucher for a free pump, with uniform odds b) randomly assigned to receive a voucher for a free pump with the odds depending on willingness to pay (either in cash (b1) or in time (b2)), or c) be randomly assigned to receive a voucher for a free pump with the odds depending on other’s views on that individual's willingness to experiment. We will compare, across treatments, short-term usage of the pump, knowledge of the pump within the village, long-run adoption, and vegetable farming income among adopters and non-adopters.",,,968b14d0fc3f6118ceabe73d00989dfbfef24f17,"[""Private""]",,,10.1257/rct.183-1.0,2020-12-31,"We will locate 200-300 clusters of suitable farms (what we call ""villages"", with typically 12-25 suitable farms) with easy access to water. These villages will be randomized to one of five treatment arms: control, random assignment, willingness to pay (WTP) elicited with cash, willingness to pay elicited with a task, and group assignment. In the control no one will receive a voucher for a free pump. In the random assignment, farmers will be randomly assigned to receive a voucher for a free pump. In the WTP-cash, farmers will be randomly assigned with a probability that depends on their willingness to bear part of the cost for the pump. In WTP-task, farmers will be randomly assigned with a probability that depends on their willingness to complete a physical task. In the group assignment, farmers will be randomly assigned with a probability that depends on votes received from others in the village.",,[],2013-12-31,False,True,"Between 200-300 villages with reasonable geographic separation from each other, and easy access to water for irrigation (for example, near a stream), will be selected to be randomized among different treatment arms.",,2014-12-19,2014-01-13,Name: Maseno University Ethics Review Committee Approval_number: 000052/13 Approval_date: 2013-11-18 Name: Innovations for Poverty Action IRB-USA Approval_number: 13October - 002 Approval_date: 2013-10-18 Name: Stanford IRB Approval_number: 28662 Approval_date: 2013-09-13,[],"[""[\""agriculture\"""", ""\""Experimentation\"""", ""\""Trial Design\"""", ""\""Heterogeneous Returns\""]""]",2013-12-31,,,4.0,,200.0,1,,3000.0,3,[],pascaline dupas pdupas princeton edu,"[""erik snowberg snowberg caltech edu caltech"", ""pascaline dupas pdupas princeton edu"", ""sylvain chassang chassang princeton edu princeton university""]",Pascaline Dupas pdupas@princeton.edu,"[""Pascaline Dupas pdupas@princeton.edu"", ""Erik Snowberg (snowberg@caltech.edu) Caltech"", ""Sylvain Chassang (chassang@princeton.edu) Princeton University""]",,"-short-term usage: rate of pump usage among those farmers who received voucher for the free pump. Approximate number of times a week farmer uses the pump, approximate hours per day that the farmer uses the pump, approximate times a week that the farmer loans / rents out the pump during the next dry season after the intervention. -information about the pump: the farmer’s assessment of how difficult it is to use the pump, how useful it is, how many times they had issues / had to repair the pump -knowledge of the pump in the village: neighbors will be asked for their impressions of the pump on the dimensions above, and this will be compared to the farmer’s own reports -long-run adoption: how many people in the village have purchased a pump (using a 5% off voucher supplied to all participants) within 24 months of the pumps introduction into the village. -vegetable farming income: farmer and randomly selected neighbors will be asked about their revenue from vegetable farming","short-term usage of the pump, short-term information about the pump, knowledge of the pump within the village, long-run adoption, and farming income.",,,True,,,2013-12-31,Randomization done in office by a computer.,"Village to treatment arm, and individual within village.",AEARCTR-0000183,2013,,,,,[],2014-01-01,in_development,in_development,Selective Trials for Agricultural Technology Evaluation and Adoption,,183,http://www.socialscienceregistry.org/trials/183
"This evaluation will examine TFA’s efforts to scale up their program under an Investing in Innovation (i3) grant from the U.S. Department of Education (ED). Under the scale-up initiative, TFA plans to increase the size of its teacher corps by more than 80 percent by September 2014, placing 28,000 TFA teachers in high-need classrooms. The evaluation will include an implementation analysis of the scale-up efforts as well as an analysis of the impact of the scaled-up program on student achievement at the elementary school level. The impact analysis will be based on an experimental design, under which students in a given school and grade will be randomly assigned to a class taught by a TFA teacher or a class taught by a non-TFA teacher. Information on program implementation will be collected from interviews with TFA staff and TFA-collected data on both successful and unsuccessful applicants to its program. Data on student achievement for the impact analysis will be obtained from a study-administered assessment for students in grades kindergarten through 2 and from state or district records for students in grades 3 through 5. We will also survey teachers in the impact analysis sample on their backgrounds, attitudes, and classroom practices.",,,4d74450f0154b95fa568c1d57f5e18d46e27c045,"[""United States of America ()""]",True,2013-06-15,10.1257/rct.184-2.0,2014-12-31,Random assignment of students to class taught by TFA teacher or class taught by teacher from some other teacher preparation program in the same grade and school.,,[],2013-12-28,False,True,"Teach For America (TFA) is a program that strives to reduce educational inequities through the provision of high–quality teachers to low–income schools. The program recruits and trains college graduates with strong academic backgrounds and leadership capabilities to commit to teach for two years in public schools in low–income communities. These teachers, called corps members, typically have no formal training in education but receive an intensive five–week training from TFA before beginning their first teaching job. They also receive ongoing support from TFA throughout their two–year commitment. In 2010, TFA launched a major expansion effort, funded in part by a five–year Investing in Innovation (i3) Scale–Up grant of $50 million from the U.S. Department of Education’s (ED’s) Office of Innovation and Improvement (OII). This was one of four i3 scale–up grants, which were awarded to fund expansion of programs with rigorous evidence of prior effectiveness in improving student achievement. Through the i3 scale–up project, TFA plans to increase the size of its teacher corps by more than 80 percent by September 2014, with the goal of placing 13,500 first– and second–year corps members in classrooms by the 2014–2015 school year, expanding from 39 to 52 to 54 regions across the country, and accounting for more than 20 percent of new hires in high–poverty schools in these regions. TFA has contracted with Mathematica Policy Research to conduct a rigorous evaluation of the i3 scale–up project’s effectiveness. This evaluation will include an analysis of the scale–up’s implementation as well as an analysis of the impact of elementary school TFA teachers recruited in the first and second years of the scale–up.",2013-06-15,2013-05-31,2012-08-01,Name: New England IRB Approval_number: 12-192 Approval_date: 2012-07-13,[],"[""[\""education\""]""]",2024-01-19,0.10 standard deviations of test scores,0.1,2233.0,156.0,4466.0,1,1182.0,4466.0,2,[],melissa clark mclark mathematica-mpr com,"[""eric isenberg eisenberg mathematica-mpr com mathematica policy research"", ""melissa clark mclark mathematica-mpr com""]",Melissa Clark mclark@mathematica-mpr.com,"[""Melissa Clark mclark@mathematica-mpr.com"", ""Eric Isenberg (eisenberg@mathematica-mpr.com) Mathematica Policy Research""]",,"Students in grades pre-kindergarten-2: Study-administered Woodcock-Johnson III Normative Update (NU) Tests of Achievement: Letter-Word Identification (grades prekindergarten–2), Passage Comprehension (grades kindergarten–2) subtests, Applied Problems (grades prekindergarten–2) and Calculation (grades 1–2) subtests. Students in grades 3-5: Spring 2013 state reading and math assessment scores from district records All scores converted to z-scores using control group means and standard deviations.",Student reading and math test scores,False,,False,False,,2024-01-19,Randomization conducted by researchers using computer program.,Students,AEARCTR-0000184,2013,"Abstract: In 2010, Teach For America (TFA) launched a major expansion effort, funded in part by a five-year Investing in Innovation scale-up grant from the U.S. Department of Education. To examine the effectiveness of TFA elementary school teachers in the second year of the scale-up, we recruited thirty-six schools from ten states and randomly assigned students in participating schools to a class taught by a TFA teacher or a class taught by a comparison teacher. We then gathered data on student achievement and surveyed teachers on their educational background, preparation for teaching, and teaching experience. The TFA teachers in the study schools had substantially less teaching experience than comparison teachers but were more likely to have graduated from a selective college. Overall, TFA and comparison teachers in the study were similarly effective in teaching both reading and math. TFA teachers in early elementary classrooms (grades 2 and below), however, were more effective than comparison teachers: TFA teachers in prekindergarten through grade 2 had a positive, statistically significant effect of 0.12 standard deviations on students’ reading achievement, and TFA teachers in grades 1 and 2 had a positive, marginally significant effect of 0.16 standard deviations on student math achievement. Citation: Melissa A. Clark & Eric Isenberg, 2020. ""Do Teach For America Corps Members Still Improve Student Achievement? Evidence from a Randomized Controlled Trial of Teach For America's Scale-Up Effort,"" Education Finance and Policy, MIT Press, vol. 15(4), pages 736-760, Fall. URL: https://watermark.silverchair.com/edfp_a_00311.pdf?token=AQECAHi208BE49Ooan9kkhW_Ercy7Dm3ZL_9Cf3qfKAc485ysgAAA1UwggNRBgkqhkiG9w0BBwagggNCMIIDPgIBADCCAzcGCSqGSIb3DQEHATAeBglghkgBZQMEAS4wEQQMV9bK6eo3LblDgusCAgEQgIIDCDcnBSDQNOb929saQp3xE8L-1FBXQap1vSy1rAMGK3guLFRZlRCnsctWwIt2LOEx2BB6g8vgFUZxsQmPyVegxuoZM1YjvhTrKH0n31oUK8tfzOJYgpcRyLFfur3HjB-oc7TOOtyA6r5kwXimrI-_1pV5uWDQ9UY1Rk7vE8cWW6calNxBsVPskgb3sSlZL01B1AOE-snByBk9Ticx0khEokvd8BDJEVE34OvpfiHYLpmXszm3seGdHQEp5YSmVOUMBgQR6nqLqkQlHPnMlQNM9pHebPaV6fuBQnhOZ4ltAdbIQXOxmW0maerj65sHireiNgqd3fsNf2xOywDkKaDZvYKvU_yaCI_j3WWifVyzfZuGCuhRi8dibZ2yYYhWKyZTD9FBLt0vRyh_oseRUdXebbuyrSKAqc1nceY97WHd_gggBvEMNiHN6n8PAwbhvn_cqNGkO6-bGpPeHPRGUzllyX4kXglacrDRhXoJVGBy93g-fCh7zHUliZSKRisVak4tIlbWCMpDKcDCDZWpew36Yl3OYjOjkFmoi3vidSYMwbNkza_iWCPMr9gZYjgXmnz37BM-72oxsYdfn4h6n4QBnzOJ-MnNE9u94EzROojy8zHCTlEXlXS2YpAIKa7I8VohJJXTIZDhMIBvSQgjlH0l3kcOwTp8mu5YoohFt2Vkz10tyftPGLKmYAzIoMa4euArsGTZDkfYcyhOUSZYDydvFAiR6mPaoMHoAUEUj-RwG2Qto45Kqz6SDOMQucx8WPwgScAW-NddmHJRC8Qwsoija5oX1TdooNoCjrNrKKhGLKqPDQuvtDMV3ekyw9aAD1wKqvTR0vagNMiK4ze9-T2xRIe4NVGNkBshVIkUh_Ae29uY9pS1_miagsgaWJifZ7NqaxLrKAsVr6xtu9vCp6F-BAYujDKfCG16cvEAhgN4TrRjN60J66EQ5pqJ-UM1UZIzzN_wlcoCRK0ZZPx2LL9lj0fRi2L5ejQcCojdy81-Sje_zLNWESuk-BQFAE25BEErTz16eIqrxqzn",,,,[],2012-08-01,completed,completed,Evaluation of the Teach For America Investing in Innovation Scale-Up,"66 TFA classrooms, 90 comparison classrooms",184,http://www.socialscienceregistry.org/trials/184
"The Social Security Administration (SSA) has contracted with a team led by Abt Associates Inc. including Mathematica Policy Research to implement and evaluate the Benefit Offset National Demonstration (BOND), an important new policy initiative for Social Security Disability Insurance (SSDI) beneficiaries. This project provides funding for Mathematica to assist Abt Associates with design, implementation, and evaluation of the project. The project was implemented in 2011. BOND is testing different program variants for current SSDI beneficiaries in 10 locations around the country. In the models to be tested, benefits gradually will be reduced when the beneficiary has earnings over a specific amount, instead of being cut to $0 (as under current law). Those who earn less than that specific amount will receive the same benefit as under current law. One model will test enhanced work incentives counseling combined with the benefit offset, along with information and referral to employment supports.",,,67d5d91dec68b72190540c19b8df1c5d82d99732,"[""Private""]",,,10.1257/rct.186-1.0,2018-12-06,"The program variants to be tested in BOND are being rigorously evaluated. SSDI beneficiaries in the 10 SSA area offices were randomly assigned to one of three groups: (1) a group that is notified that they are eligible for a benefit offset if they return to work, or (2) a group that can enroll in one of the program variants, or (3) a control group that—while not eligible for these changes—will remain eligible for SSDI benefits and services under existing program rules. Impacts of the program interventions on employment, SSDI benefits, beneficiary well-being, and other outcomes will be estimated by measuring differences in outcomes between the program and control groups. The operation of the program variants and their costs to federal, state, and local governments—as well as any cost savings and additional revenues—will also be evaluated. The evaluation will use data from surveys of program and control group members, SSA and other administrative records, and other information sources.",,[],2013-12-30,False,False,,,2018-12-06,2011-01-01,,[],"[""[\""health\"""", ""\""Disability/Social Security\""]""]",2013-12-30,,,4800.0,,10.0,1,,12600.0,3,[],david wittenburg jmccay mathematica-mpr com,"[""david wittenburg jmccay mathematica-mpr com"", ""inc david stapleton mathematica policy research"", ""inc noelle denny-brown mathematica policy research""]",David Wittenburg jmccay@mathematica-mpr.com,"[""David Wittenburg jmccay@mathematica-mpr.com"", ""Noelle Denny-Brown () Mathematica Policy Research, Inc."", ""David Stapleton () Mathematica Policy Research, Inc.""]",,,"Impacts of the program interventions on employment, SSDI benefits, beneficiary well-being, and other outcomes.",,,False,,,2013-12-30,"10 large demonstration sites were selected using a randomized process that was designed to ensure that the sites would be nationally representative. With only minor exceptions, all SSDI beneficiaries age 20 to 59 in those sites were included in the demonstration’s samples. Those eligible were assigned at random to a Stage 1 group that will receive the offset, a Stage 1 control group, or a pool that was solicited as volunteers for Stage 2. Stage 2 volunteers were randomly assigned to one of two treatment groups or a Stage 2 control group. Some of these groups were offered the opportunity to receive the offset and counseling services from the demonstration, while others continued under current law as a research control group.",Individual randomization into clusters/groups.,AEARCTR-0000186,2013,,,,,[],2009-12-07,on_going,on_going,Benefit Offset National Demonstration (BOND) Implementation and Evaluation,,186,http://www.socialscienceregistry.org/trials/186
"Objectives: The present study aimed to investigate the effects of adjuvant zinc therapy on recovery from pneumonia in hospitalized children. Methods: In a double-blind randomized controlled trial at Ayatollah Golpaygani Hospital in Qom, 120 children aged 3-60 months with pneumonia randomly received zinc (5 ml BID) or placebo along with the common antibiotic treatments until discharge. It was assumed that this element (zinc) was effective in resolving clinical symptoms and duration of hospitalization. Results: Compared to the placebo group, the group receiving zinc showed a statistically significant decrease in duration of clinical symptoms (p = 0.044) and hospitalization (p = 0.004). The difference between frequency distributions of all clinical symptoms at admittance and the variables affecting the disease were not statistically significant (p > 0.05). Conclusions: Supplemental administration of zinc can expedite the healing process and results in faster resolution of clinical symptoms in children with pneumonia. In general, zinc administration, along with common antibiotic treatments is recommended in this group of children. It can also reduce the drug resistance caused by multiple antibiotic therapies.",,,010ee2a044b31616870745a75d332a05591eb752,"[""Iran (Islamic Republic of) (Qum)"", ""Iran (Islamic Republic of) (Qum)""]",,,10.1257/rct.187-1.0,2013-06-30,"The participants were hospitalized at Ayatollah Golpaygani Hospital in Qom from June 2012 to June 2013. Moreover, the children’s parents completed and signed the informed written consent forms for conducting the study and the relevant experiments before entering the study. The participants were randomly divided into two groups. One group received 10 ml (5 ml every 12 hours) of zinc daily and the other group received placebo.",,[],2013-12-30,False,True,The participants were randomly divided into two groups. One group received 10 ml (5 ml every 12 hours) of zinc daily and the other group received placebo.,,2013-06-30,2012-06-01,Name: ethic committee of medical science university of Qom Approval_number: 1137646125 Approval_date: 2012-04-12,[],"[""[\""health\"""", ""\""Randomized Controlled Trial\"""", ""\""Pneumonia\"""", ""\""Adjuvant Therapy\"""", ""\""Zinc\"""", ""\""Children\""]""]",2013-12-30,,,60.0,,120.0,2,,120.0,1,[],ehsan jangholi ehsanjangholi yahoo com,"[""ehsan jangholi ehsanjangholi yahoo com""]",Ehsan Jangholi ehsanjangholi@yahoo.com,"[""Ehsan Jangholi ehsanjangholi@yahoo.com""]",,"Then disease symptoms, duration of hospitalization, and duration of the resolution of clinical symptoms were investigated.","Then disease symptoms, duration of hospitalization, and duration of the resolution of clinical symptoms were investigated.",,,False,,,2013-12-30,Public lottery,blocks,AEARCTR-0000187,2013,,,,,[],2012-06-01,completed,completed,The Effect of Adjuvant Zinc Therapy on Recovery from Pneumonia in Hospitalized Children: A Double-Blind Randomized Controlled Trial,,187,http://www.socialscienceregistry.org/trials/187
"This study uses random assignment to evaluate the Building Educated Leaders for Life (BELL) summer learning program. Over 1,000 elementary school children who applied to this program in 2005 were included in the study. Random assignment results suggest positive impacts on reading and parents encouraging reading. Quasi-experimental results suggest positive impacts on reading skills similar to the same amount of time in regular school. No impacts were found on academic-self perceptions or social behaviors. Attendance rates at the program were around 50 percent for the treatment group.",,,ad62f23e291039c2598d935f6b678ba0df220ede,"[""United States of America (Boston"", ""MA and New York City"", ""NY)""]",,,10.1257/rct.188-1.0,2006-01-31,Random assignment,,"[""Description:"", ""Final"", ""report"", ""at"", ""Urban"", ""Institute"", ""website"", ""Url:"", ""http://www.urban.org/UploadedPDF/411350_bell_impacts.pdf?RSSFeed=UI_Education.xml""]",2013-12-30,False,False,"BELL is a community-based organization that provides supplemental learning activities for low-income youth in a number of cities. BELL operates both school year and summer programs. During the summer of 2005 they had programs at five locations (three in Boston, one in New York City and one in Washington, D.C.) These programs provided five to six weeks of classes for eight hours per day and five days per week for children entering grades 1–7. This evaluation covered their summer 2005 programs in three sites--two in Boston and one in New York City. For academic activities, students are clustered in groups of approximately 15 children with each cluster taught by 1 teacher (usually a regular teacher from the public school system) and one experienced teaching assistant (generally an Americorps volunteer or college student). Each week students receive approximately eight hours of literacy instruction (two hours per day, four days a week), four hours of math instruction (one hour a day, four days per week) and 6.5 hours of community time (0.5 hours, four days a week and a Friday 1/2 day field trip). In addition, every Friday students attend a speaker series where they hear from and ask questions of prominent citizens in their community.",,2005-08-12,2005-07-05,,[],"[""[\""education\"""", ""\""Summer learning\"""", ""\""Reading skills\""]""]",2013-12-30,,,44.0,,689.0,3,,835.0,1,[],duncan chaplin duncan chaplin yahoo com,"[""duncan chaplin duncan chaplin yahoo com""]",Duncan Chaplin duncan_chaplin2003@yahoo.com,"[""Duncan Chaplin duncan_chaplin2003@yahoo.com""]",,,Reading test scores,,,False,,,2013-12-30,Computer,Family,AEARCTR-0000188,2013,,,,,[],2005-07-05,completed,completed,Reversing the Summer Slide: A random assignment study of a summer learning program,,188,http://www.socialscienceregistry.org/trials/188
